date,fund_daily_return,bm_daily_return,active_daily_return,fund_cumulative,bm_cumulative,spx_daily_return,spx_cumulative
2018-11-26,0.021044673730691906,0.021082296989061437,-3.762325836953115e-05,1.021044673730692,1.0210822969890614,0.01553240951773183,1.0155324095177318
2018-11-27,0.003372553626782955,0.003303121056963048,6.943256981990688e-05,1.02448820164819,1.0244550554251382,0.003261703042884756,1.0188447746680038
2018-11-28,0.030340613945923956,0.02983571045895333,0.0005049034869706245,1.0555718026665515,1.0550203998370136,0.02297393528374414,1.0422516485854074
2018-11-29,-0.0031858452292065015,-0.003346795681194513,0.00016095045198801167,1.0522089142749413,1.051489462119267,-0.002197690056454649,1.0399611025009878
2018-11-30,0.00885499658132598,0.00896632429876919,-0.00011132771744320862,1.0615262206136868,1.0609174576333666,0.00818552393197347,1.0484737289938313
2018-12-03,0.01719622447642216,0.016980743574183305,0.00021548090223885707,1.0797804637909678,1.0789326249348135,0.01094135506146343,1.0599454523353693
2018-12-04,-0.03663223638609689,-0.03616647142231909,-0.0004657649637778011,1.0402256905962877,1.0399114389885007,-0.03236488351007216,1.0256404412435043
2018-12-05,-0.00042739160613761357,-0.00043883741516130597,1.1445809023692395e-05,1.0397811068676381,1.0394550869406183,,
2018-12-06,0.0011023205379324995,0.0007390637065200371,0.0003632568314124624,1.0409272789366926,1.0402233104699339,-0.001522188395813528,1.0240792232655664
2018-12-07,-0.026902880816652125,-0.026398936468634938,-0.0005039443480171872,1.0129233364126566,1.012762521383645,-0.02332016543333515,1.000197526362172
2018-12-10,0.005445387541931296,0.005126240765157772,0.00031914677677352416,1.0184390965296897,1.0179541859061858,0.001762194844060927,1.00196006928617
2018-12-11,0.000375779101342569,0.0005887234987228885,-0.00021294439738031947,1.0188218046581556,1.0185534794560522,-0.0003563683787511929,1.0016030024007052
2018-12-12,0.007546480436024055,0.007151306033776586,0.0003951744022474687,1.0265103234748032,1.0258374670994106,0.005419488922094429,1.0070311787765525
2018-12-13,0.0018093644159891836,0.0017288690135315058,8.049540245767773e-05,1.028367654726744,1.0276110057091985,-0.000199919277876548,1.0068298538304923
2018-12-14,-0.02436298828859953,-0.024222850328194677,-0.00014013796040485138,1.0033135455982618,1.002719338122299,-0.01908667667720543,0.9876128179414717
2018-12-17,-0.021870797109050818,-0.021818572411972003,-5.222469707881483e-05,0.9813702786057198,0.9808414336345929,-0.02077347641300786,0.9670966663627804
2018-12-18,0.006729502682232724,0.006272554209180438,0.00045694847305228613,0.9879744125278604,0.986993814697676,8.641209140813899e-05,0.9671802352083146
2018-12-19,-0.01844603783321587,-0.018264911481510254,-0.00018112635170561622,0.9697501991361224,0.9689664600394249,-0.01539573318251797,0.9522897863676425
2018-12-20,-0.015160272448471976,-0.014982643486526549,-0.00017762896194542695,0.9550485219102588,0.9544487810182525,-0.0157720905000478,0.9372701856747808
2018-12-21,-0.026356380359349795,-0.025957435607891703,-0.00039894475145809197,0.9298768998051572,0.9296737382439405,-0.02058830681440538,0.9179733795241137
2018-12-24,-0.025177808143103143,-0.025031883824391112,-0.00014592431871203113,0.9064646376251594,0.9064022532336308,-0.02711224768478282,0.8930850578904188
2018-12-25,-3.744938765173679e-05,0.0,-3.744938765173679e-05,0.9064306910795524,0.9064022532336308,,
2018-12-26,0.05777292427901997,0.05681276849294273,0.0009601557860772422,0.9587978427594711,0.9578974746080746,0.049593807154098,0.9373765460236427
2018-12-27,0.006423712697142868,0.0065631355360971765,-0.0001394228389543081,0.9649568846359984,0.9641842855636126,0.008562629168861635,0.9454029537788315
2018-12-28,-9.442847565349639e-05,-0.0001748658554329671,8.04373797794707e-05,0.9648657652283108,0.9640156826537225,-0.001241547233037266,0.9442291913574622
2018-12-31,0.007629135995506168,0.007895189815548365,-0.00026605382004219694,0.9722268573686457,0.9716267694534391,0.008492440882795549,0.9522480019448752
2019-01-01,0.0,0.0,0.0,0.9722268573686457,0.9716267694534391,,
2019-01-02,0.004097442209882132,0.0038629038117622733,0.00023453839811985898,0.976210500731609,0.9753800702047711,0.001268524243572822,0.9534559516212361
2019-01-03,-0.03198223239275852,-0.032310580370828575,0.00032834797807005517,0.9449891096329595,0.9438649740543155,-0.02475667621502542,0.9298515513416602
2019-01-04,0.04050734447821901,0.03827852679269392,0.002228817685525089,0.9832681090250271,0.979994734752339,0.0343356931888279,0.9617786489196831
2019-01-07,0.01078575805305022,0.008981055149728582,0.001804702903321638,0.9938734009502512,0.9887961215115935,0.00701043468644591,0.9685211353207528
2019-01-08,0.009727020924710337,0.009361647909969162,0.00036537301474117573,1.0035408283178073,0.9980528826559281,0.009695296290921585,0.9779112346917073
2019-01-09,0.005266510170183298,0.00632550109910051,-0.0010589909289172115,1.0088259862963371,1.0043660672621286,0.004098026343900329,0.98191874069347
2019-01-10,0.0029193008653311814,0.0032380524478812832,-0.00031875158255010184,1.0117710528711006,1.0076182572647956,0.004518445159692908,0.9863554866745681
2019-01-11,-0.0004368272888486806,-0.0013264032450414963,0.0008895759561928158,1.0113290836651394,1.0062817491385965,-0.0001463429662947879,0.986211140486827
2019-01-14,-0.006579461236195906,-0.006465399166957383,-0.00011406206923852275,1.0046750831621272,0.9997757359559913,-0.005257562801876614,0.9810260734798072
2019-01-15,0.016937570856771555,0.01589099236705166,0.001046578489719896,1.0216918385712186,1.0156631645448313,0.01072171175671133,0.991544352265476
2019-01-16,0.00397967743149246,0.004154261961593875,-0.00017458453010141522,1.0257578425231204,1.019882495395092,0.002221966823736654,0.9937475309204733
2019-01-17,0.0076938699327866915,0.007490988116255906,0.00020288181653078594,1.0336498899460291,1.0275224230480742,0.007591452926111408,1.0012915185218956
2019-01-18,0.009177973037727893,0.01025596786890064,-0.0010779948311727475,1.0431367007664043,1.0380606600034301,0.01318305285360921,1.0144915975324404
2019-01-21,0.000384735490495865,0.0003931091918476468,-8.373701351781823e-06,1.043538032476628,1.038468731190573,,
2019-01-22,-0.017726562924740955,-0.016625567565305886,-0.001100995359435069,1.0250396898795706,1.0212035991357067,-0.01415728401810756,1.00012915185219
2019-01-23,0.0014691636477268525,0.001932772414937533,-0.0004636087672106805,1.026545640929419,1.023177353282151,0.002202894147137924,1.0023323305071872
2019-01-24,0.005527489598733066,0.003950898146526828,0.0015765914522062373,1.032219861282281,1.0272198227908018,0.001375677416909804,1.0037112164585045
2019-01-25,0.010669056003294054,0.0096576080809922,0.0010114479223018533,1.043232672790014,1.0371403092523417,0.0084887201825663,1.012231440119124
2019-01-28,-0.013152089847029253,-0.011709922905264935,-0.0014421669417643175,1.0295119829461234,1.024995476189054,-0.0078468605052614,1.0042886012094694
2019-01-29,-0.00815409739683003,-0.006332018822941894,-0.0018220785738881353,1.021117241965977,1.0185051855403946,-0.001456209694195909,1.0028261464126178
2019-01-30,0.024236705333843814,0.023492069694946077,0.0007446356388977372,1.0458657596708139,1.0424319803437736,0.01554924242424249,1.0184193332725564
2019-01-31,0.012034758901954351,0.010410451237940547,0.0016243076640138042,1.0584525019322613,1.0532841676440123,0.008597377892989533,1.027175069134227
2019-02-01,-0.0029352625989075396,-0.0021328144165642608,-0.0008024481823432788,1.0553456658906193,1.0510377079865223,0.000898635405495396,1.0280981250189931
2019-02-04,0.010181147270167982,0.010023748951727536,0.00015739831844044545,1.0660902955359852,1.0615730461101784,0.006776204217207926,1.0350647278694505
2019-02-05,0.004363051393765493,0.006468755353867219,-0.002105703960101726,1.0707417022858035,1.0684401024357246,0.004708481505539597,1.03993831099766
2019-02-06,-0.004091985240222612,-0.0040517504138298304,-4.0234826392781566e-05,1.0663602430439592,1.0641110498085282,-0.002224495014062744,1.037624973409913
2019-02-07,-0.011930406064226908,-0.011659381453692021,-0.00027102461053488645,1.053638132333697,1.0517041731697219,-0.009357119061652264,1.0279157929923726
2019-02-08,-0.002410133335602913,-0.0016382968663650175,-0.0007718364692378956,1.051098723947297,1.0499811695184749,0.0006762624489569102,1.0286109338438632
2019-02-11,-0.00042610101673922445,-0.00032973748875189917,-9.636352798732527e-05,1.05065084971233,1.049634951364401,0.0007090417596054,1.0293402619503451
2019-02-12,0.015273399419222082,0.015175744633523875,9.765478569820699e-05,1.0666978597901313,1.0655639433447284,0.01289025020296686,1.0426087154708725
2019-02-13,0.002663195405637599,0.0014901764101734538,0.0011730189954641454,1.0695386846295278,1.067151821596632,0.003023976857468691,1.0457615400978515
2019-02-14,0.0014791692281846812,0.000785565142332364,0.0006936040858523172,1.0711207133401848,1.0679901388692548,-0.002651623847179319,1.0429885738596651
2019-02-15,0.006275973805876984,0.006665796375544115,-0.0003898225696671309,1.0778430388800402,1.0751091436660463,0.01087870985129635,1.0543349439329017
2019-02-18,0.00010255218041312373,0.00013057444764894845,-2.802226723582472e-05,1.0779535740338206,1.0752495254486427,,
2019-02-19,0.0028748732270812796,0.0026050346942259866,0.000269838532855293,1.0810525539038471,1.0780505877673863,0.001498775039631139,1.0559151548302792
2019-02-20,0.0025001395553555877,0.001073909333202578,0.0014262302221530096,1.0837553361552803,1.0792083163552542,0.001777131838719637,1.0577916552709146
2019-02-21,-0.0027664907419554384,-0.0030317719245266652,0.0002652811825712268,1.0807571370512619,1.0759364028810126,-0.003526412180845262,1.0540614458929707
2019-02-22,0.009968403803489578,0.007974011557083547,0.0019943922464060303,1.0915305606068921,1.0845159321922726,0.006411088047050706,1.060819126629592
2019-02-25,0.0036876410115617825,0.0032669023715514306,0.00042073864001035194,1.0955557334675592,1.0880589398631368,0.001231796094776749,1.062125839487039
2019-02-26,0.0017879676995319928,0.0002588497816077258,0.001529117917924267,1.0975145517320364,1.0883405836820967,-0.0007903837831845228,1.0612863524478071
2019-02-27,-0.0034903596504230806,-0.0015762607297130098,-0.0019140989207100708,1.0936838312249186,1.0866250751594857,-0.0005440423780378456,1.0607089676968422
2019-02-28,-0.0017792031330348017,-0.003399218168547244,0.0016200150355124424,1.0917379455258538,1.0829313994616045,-0.002825546666284762,1.057711885009268
2019-03-01,0.010308997027294283,0.006944328105470841,0.0033646689218234426,1.1029926687608642,1.0904516304151826,0.006895338105003201,1.0650051660740871
2019-03-04,-0.0022490994232426675,-0.0005633772028601803,-0.0016857222203824872,1.1005119285857132,1.089837294825785,-0.003880600209010265,1.0608723068040231
2019-03-05,0.0008855720343694867,0.00112694194605499,-0.0002413699116855033,1.1014865111731587,1.0910654781876992,-0.001131476899610018,1.0596719542954385
2019-03-06,-0.007446966247716528,-0.004954398297995919,-0.002492567949720609,1.093283778302137,1.085659905239564,-0.006524115928521645,1.052758531619412
2019-03-07,-0.009723314387013335,-0.009292466259805615,-0.00043084812720771935,1.0826534364114835,1.0755714472005016,-0.008125710368218741,1.0442041207038013
2019-03-08,-0.0021218039281965186,-0.000711595033048028,-0.0014102088951484905,1.0803562580972301,1.0748060759009854,-0.002131738530991911,1.0419781505454764
2019-03-11,0.019411484712243895,0.01693756493916079,0.002473919773083106,1.1013275770850617,1.093010673608563,0.01466604935346161,1.057259853526605
2019-03-12,0.0038841205481364932,0.005118484420677011,-0.0012343638725405177,1.1056052661574471,1.0986052317130621,0.002953328782380638,1.0603822894824806
2019-03-13,0.005375861958067016,0.006473526353513715,-0.0010976643954466988,1.1115488474484216,1.1057170816326645,0.006949618845646821,1.067751542225058
2019-03-14,-0.002549220021857062,-0.0008080909597127316,-0.0017411290621443306,1.108715264871234,1.1048235616549973,-0.0008680432029370966,1.066824687756404
2019-03-15,0.006243392091324539,0.006024781218303782,0.00021861087302075654,1.1156374089874619,1.1114798818987959,0.004984902865607044,1.0721427051995014
2019-03-18,0.004753914568879718,0.004389194835374371,0.00036471973350534707,1.1209410539196347,1.1163583836560487,0.003705960715399303,1.0761160239462726
2019-03-19,0.0018098146235658989,0.0022536152708960366,-0.0004438006473301377,1.122969749431174,1.1188742259572488,-0.0001306063665308388,1.0759754763424194
2019-03-20,0.0012424737640234452,0.0015274052343394477,-0.0002849314703160025,1.124365009882634,1.1205832003065435,-0.002944322646924902,1.0728074573798887
2019-03-21,0.013229808537939102,0.013954597037595074,-0.0007247884996559716,1.1392401436901394,1.1362204873139201,0.01085251555291178,1.0844501169963836
2019-03-22,-0.022476576148810285,-0.020287598041716426,-0.0021889781070938592,1.1136339258487065,1.113169302780532,-0.01897452782603826,1.0638731880754853
2019-03-25,-0.002226680146791088,-0.0022485336558244625,2.1853509033374543e-05,1.1111542192952262,1.1106663041385993,-0.0008390729493592541,1.0629805208618226
2019-03-26,0.004959372290780134,0.004544476419370341,0.0004148958714097935,1.1166648467411824,1.1157137009675464,0.007182778484540853,1.070615674476555
2019-03-27,-0.003900675710110351,-0.005501875216451519,0.001601199506341168,1.112309099297165,1.1095751834075376,-0.004644380264399728,1.065643328167259
2019-03-28,0.0028439551521658207,0.0027225901699492083,0.0001213649822166124,1.115472456490912,1.1125961018947026,0.003589544338180151,1.0694685021424013
2019-03-29,0.008605624402773782,0.007040713077094326,0.001564911325679456,1.125071793483112,1.1204295718188368,0.006734293751598397,1.0766706171939102
2019-04-01,0.01346970876687779,0.012141554955678676,0.0013281538111991151,1.1402261828831584,1.1340333290390427,0.01156858594411525,1.0891261737624216
2019-04-02,0.0034915567040255707,0.002946651511102639,0.0005449051929229316,1.1442073472561096,1.1373749300616964,1.743867689252276e-05,1.089145166681861
2019-04-03,0.006237046324391259,0.004990461939645511,0.0012465843847457476,1.1513438214856548,1.1430509563612763,0.002148407527796881,1.091485094356824
2019-04-04,-0.0011466442509006324,0.0012463542164429108,-0.002392998467343543,1.1500236397119383,1.1444756027403462,0.002084638407461537,1.093760446105692
2019-04-05,0.0034530112518912546,0.0032121619587273226,0.00024084929316393194,1.1539946842798048,1.1481518437341602,0.004636398681665099,1.098831555596074
2019-04-08,0.0017989961218538926,0.002362685486061063,-0.0005636893642071705,1.156070716241464,1.1508645654311451,0.001047449822659585,1.0999825265141159
2019-04-09,-0.00500269745193867,-0.005059352915198093,5.665546325942308e-05,1.150287244215062,1.145041935437033,-0.006067470828139077,1.0933084146230287
2019-04-10,0.003983579167179285,0.003827959210954613,0.00015561995622467243,1.1548695045173893,1.1494251092607184,0.003477868112014448,1.0971107970948433
2019-04-11,-0.0003146156106915241,-0.0014842902760150711,0.001169674665323547,1.1545061645429566,1.1477190287480352,3.808587325715429e-05,1.0971525815176104
2019-04-12,0.0057466848804614105,0.005270746353066917,0.00047593852739449393,1.1611407476631352,1.1537683646331545,0.006609378462220095,1.104404078159662
2019-04-15,-0.0010793186285589576,0.0006481065145383841,-0.0017274251430973416,1.1598875068238035,1.1545161294265414,-0.0006294261903205811,1.1037089373081714
2019-04-16,0.00597887360106273,0.0026525921478831,0.00332628145317963,1.1668223276185548,1.1575785898460624,0.000509364739569973,1.1042711277235844
2019-04-17,0.0051908286589834925,0.0036303738273980113,0.0015604548315854812,1.172879102396699,1.161781032861796,-0.002273774879087531,1.1017602637736648
2019-04-18,0.0021310957475156934,0.0021461073030167904,-1.5011555501097049e-05,1.1753786200641667,1.1642743396209272,0.001579065317450778,1.1035000151943353
2019-04-19,-6.9643876638904e-05,7.177074320468836e-06,-7.682095095937284e-05,1.175296762140547,1.164282695704392,,
2019-04-22,0.00345453759335808,0.004425320541986148,-0.0009707829486280679,1.1793568689887135,1.1694350198343717,0.001012037741434657,1.1046167988573856
2019-04-23,0.009714326412898768,0.008848523289852153,0.0008658031230466146,1.1908135265713642,1.1797827928433449,0.008841219132246891,1.114382958033245
2019-04-24,-0.0034871446328197894,-0.0034857737102085016,-1.370922611287819e-06,1.1866609875734917,1.1756703370002952,-0.002191786425240649,1.111940468593308
2019-04-25,0.0002685678374889865,0.0033434270163589072,-0.0030748591788699207,1.1869796865487567,1.1796011049673536,-0.0003689469638739062,1.111530221533412
2019-04-26,0.0013215621755607073,0.0016074473279708338,-0.00028588515241012645,1.1885483540056585,1.1814972516116047,0.004685305365033532,1.1167380800437594
2019-04-29,0.004974805586235149,0.002268143672521216,0.0027066619137139326,1.1944611509966763,1.1841770571269488,0.001071472304992049,1.1179346339684564
2019-04-30,-0.005904441384173922,-0.006116199163481102,0.00021175777930718034,1.1874085251449435,1.1769343944007356,0.0009514004274504551,1.1189982374570757
2019-05-01,-0.0028037289701776493,-0.005145108233722457,0.0023413792635448077,1.1840793534635587,1.1708789395575532,-0.007502130129708795,1.110603367064758
2019-05-02,-0.0025436447430522663,-0.0029682194181385835,0.0004245746750863172,1.1810674762407645,1.167403513952869,-0.002123999138087362,1.1082444464703554
2019-05-03,0.016631887863870085,0.011608993124864492,0.005022894739005593,1.2007108580652648,1.1809558933202904,0.00963832295922562,1.1189260643632049
2019-05-06,-0.006560524495404899,-0.004803470038768109,-0.00175705445663679,1.192833565069029,1.1752832070696198,-0.004471014787957861,1.1139233293828055
2019-05-07,-0.018428896165430267,-0.01706920236224905,-0.001359693803181218,1.1708509591557317,1.1552220601751952,-0.01651167786882712,1.0955305861974651
2019-05-08,-0.004756639311107955,-0.002190130702131202,-0.0025665086089767535,1.1652816434559632,1.1526919728734262,-0.001605381321405752,1.093771841857355
2019-05-09,-0.00485289996522189,-0.006033017452412346,0.001180117487190456,1.159626648208962,1.1457377620838252,-0.003021441818144011,1.0904670738748587
2019-05-10,0.0007056665960036663,0.00282788422755906,-0.0021222176315553935,1.1604449579984388,1.148977775830141,0.003720321034444529,1.0945239614671645
2019-05-13,-0.030639745220651715,-0.028718277710569947,-0.0019214675100817681,1.1248892201427767,1.1159811129805781,-0.02413063094329149,1.0681124076944108
2019-05-14,0.008528642782224146,0.00741485820696764,0.001113784575256506,1.1344829984709492,1.124255954694983,0.008016017810211773,1.0766744157777974
2019-05-15,0.008569641065591427,0.009694747576262408,-0.0011251065106709802,1.144205110562861,1.1351553323868608,0.00583895766667486,1.082961072112316
2019-05-16,0.00628168643549285,0.009527531498616158,-0.0032458450631233076,1.1513926482853054,1.1459705605719988,0.008895249319527565,1.0925942808520979
2019-05-17,-0.01490358123152084,-0.008133068935167737,-0.006770512296353103,1.1342327744222096,1.1366503030051938,-0.005837319908772343,1.086216458504269
2019-05-20,-0.011340708611643926,-0.009673776950221959,-0.0016669316614219675,1.1213697710297108,1.1256546015035194,-0.006749360908960611,1.0788851916005706
2019-05-21,0.00990839301887265,0.007987431747046867,0.001920961271825783,1.1324807434405564,1.134645690803778,0.008495790833841,1.0880511745221375
2019-05-22,-0.004208665371765481,-0.002029888531582022,-0.0021787768401834587,1.1277145109514468,1.1323424865286065,-0.002824365652362215,1.0849781201568047
2019-05-23,-0.015263406442596973,-0.01346261849719451,-0.0018007879454024628,1.1105017460195805,1.1170981916243072,-0.01191413976969968,1.0720515391861904
2019-05-24,-0.0003066222618417663,0.0009435000897968439,-0.0012501223516386102,1.1101612414624369,1.1181521738684166,0.001353534780883292,1.0735025982313784
2019-05-27,-0.00021509644842949684,-6.3028428316017e-05,-0.00015206802011347983,1.1099224497222142,1.1180816984942794,,
2019-05-28,-0.004674238127842991,-0.004875018968180153,0.00020078084033716206,1.1047344078887738,1.1126310290061447,-0.008375618352052028,1.064511350168656
2019-05-29,-0.006957859553623289,-0.007843341154246935,0.0008854816006236459,1.0970478210346286,1.1039042842668487,-0.006911957293595838,1.0571534931777422
2019-05-30,0.0012003872959621242,0.0025647851331998205,-0.0013643978372376963,1.0983647033020614,1.1067355615636119,0.002098439824363529,1.0593718661682914
2019-05-31,-0.015773260922729036,-0.014880576344784383,-0.0008926845779446534,1.0810399102485622,1.0902666985462768,-0.01319535580846665,1.0453930774607214
2019-06-03,-0.016794198629263995,-0.015621544166486147,-0.0011726544627778477,1.062884711269686,1.073235049161687,-0.002765201340087065,1.0425023551220092
2019-06-04,0.024305896685079553,0.023214755615535054,0.001091141069544499,1.0887190772499575,1.0981499385460025,0.02143234527865334,1.0648456255507934
2019-06-05,0.007589863845609435,0.008516949317511898,-0.0009270854719024627,1.096982306812402,1.1075028259156277,0.008161896642135735,1.0735367854863693
2019-06-06,0.006050201672285881,0.008165879241594608,-0.0021156775693087267,1.1036192709995465,1.1165465602517795,0.006135555437609463,1.080123529948034
2019-06-07,0.015549487355583454,0.015199088222246556,0.0003503991333368983,1.1207799848993323,1.1335170499252922,0.01049766308304245,1.091462302853495
2019-06-10,0.01086236417929045,0.00884726657379808,0.00201509760549237,1.1329543052601685,1.1435455774319263,0.004660081995169429,1.0965486066794288
2019-06-11,0.00229240467429346,0.0018857835986315864,0.0004066210756618737,1.1355514950053076,1.1457020569261351,-0.0003498768502769867,1.096164949706748
2019-06-12,-0.005262006232456524,-0.004367588403150056,-0.0008944178293064679,1.1295762159613143,1.1406981019088394,-0.002037619727485618,1.0939313823806474
2019-06-13,0.006588952197836087,0.002809536714495562,0.003779415483340525,1.137018939652096,1.1439029351063077,0.004097449858325275,1.0984137113684005
2019-06-14,-0.0024090651806052323,-0.002048660222911387,-0.00036040495769384517,1.1342797869148915,1.1415594666642839,-0.00161154223900617,1.0966435712766267
2019-06-17,0.007056270333690219,0.004427062252199189,0.0026292080814910293,1.1422835717254036,1.146613221487794,0.0009317695307899942,1.097665390342479
2019-06-18,0.013021118716289403,0.011403230673995053,0.00161788804229435,1.1571573817205072,1.159688316546272,0.009717372571954597,1.1083318138997766
2019-06-19,0.0030726727282211013,0.0021312801079830315,0.0009413926202380698,1.1607129476495794,1.1621599371867875,0.002985176934281464,1.1116403804661605
2019-06-20,0.010103755120775694,0.010420027069070154,-0.00031627194829446023,1.1724405070381445,1.1742696751908628,0.009472195075278522,1.1221700550034928
2019-06-21,-0.0024255811213452706,7.359589894124588e-05,-0.0024991770202865164,1.1695966574783723,1.174356096623208,-0.00125923268047301,1.120756981797184
2019-06-24,-0.001842446885620777,-3.204439569935527e-05,-0.0018104024899214218,1.1674417377593689,1.174318465091756,-0.001731933325650914,1.1188159054304536
2019-06-25,-0.015038059181793881,-0.015421308168839054,0.00038324898704517225,1.1498856798156472,1.156208938153218,-0.009496324715228988,1.108191266295923
2019-06-26,0.006912148065816171,0.003094676809538715,0.003817471256277456,1.1578338598932945,1.159787031141102,-0.001233983917076298,1.1068237760962694
2019-06-27,0.004396865138198108,0.0033788112803765373,0.0010180538578215708,1.1629246992276845,1.163705732644756,0.003823212459416858,1.1110553985474194
2019-06-28,0.0049072306136905405,0.004052331713919441,0.0008548988997710994,1.1686314389131516,1.168421454290822,0.005757422425228809,1.1174522138146878
2019-07-01,0.01186066055733425,0.01010351699899087,0.0017571435583433794,1.1824921797267294,1.180226620316235,0.007672277820080398,1.126025617649738
2019-07-02,0.0035475591766132276,0.004170117066786919,-0.0006225578901736914,1.1866871407101922,1.1851483034882921,0.00292814902524352,1.1293227884644583
2019-07-03,0.004490185166687845,0.006405765082345811,-0.0019155799156579658,1.1920155857069084,1.1927400851081789,0.007672358989710748,1.1379873583128188
2019-07-04,0.0005555144888273673,0.0003280666505562813,0.000227447838271086,1.1926777676356766,1.1931313833528845,,
2019-07-05,3.0313146846814408e-05,-0.0020039296203255355,0.00203424276717235,1.192713921451988,1.1907404320328436,-0.001805849483613953,1.1359323244294504
2019-07-08,-0.005350157341068956,-0.0047608508300701225,-0.0005893065109988339,1.1863327143093365,1.185071494458602,-0.004835457345313876,1.1304395721275085
2019-07-09,0.00567703197054232,0.004909409149943939,0.0007676228205983808,1.193067563056171,1.190889495296835,0.001236579915657288,1.1318374509982656
2019-07-10,0.008953768329759531,0.007978240649605266,0.0009755276801542648,1.2037500136175268,1.2003906982774,0.004510627158405667,1.1369427477436391
2019-07-11,0.004294812824789968,0.0029333534026250853,0.001361459422164883,1.2089198946138524,1.2039118684166714,0.002285278994477169,1.139540979122981
2019-07-12,0.007492084936072598,0.0048881328354742236,0.0026039521005983748,1.2179772251452075,1.209796749551696,0.004620138604158219,1.1448058163916472
2019-07-15,-0.0005521980570122,0.0011767008072339593,-0.0017288988642461594,1.2173046604879971,1.2112203183634822,0.0001758594716916306,1.1450071413377074
2019-07-16,-0.0053878139780348475,-0.005242190724316033,-0.0001456232537188143,1.210746049422693,1.204870870445454,-0.003403775337557757,1.1411097942686945
2019-07-17,-0.0064685136085299855,-0.005798079383037765,-0.0006704342254922205,1.2029143221255283,1.1978849334923014,-0.006531204644412147,1.1336569726805827
2019-07-18,0.0010437092569845726,0.002497475119783871,-0.0014537658627992985,1.20416981493889,1.2008766213100626,0.003581935518459201,1.1377176588567763
2019-07-19,-0.005600373559534663,-0.005600373559534663,0.0,1.1974260141461164,1.1941512636318143,-0.006176734744299917,1.1306902786641122
2019-07-22,0.007710385810277833,0.007710385810277833,0.0,1.2066586306944462,1.2033586305902464,0.002828721263450795,1.1338886862977464
2019-07-23,0.004976926967597096,0.004976926967597096,0.0,1.2126640825742332,1.2093476586105216,0.006847502370160408,1.1416529917646683
2019-07-24,0.00435070705949467,0.00435070705949467,0.0,1.2179400287590845,1.2146091760062216,0.00468811866363672,1.147005196462757
2019-07-25,-0.006775007608285331,-0.006775007608285331,0.0,1.2096884757978064,1.2063801895976864,-0.00526235610486292,1.1409692466648418
2019-07-26,0.009978399599014923,0.009978399599014923,0.0,1.2217592307996403,1.2184179331978278,0.007387629133693174,1.149398304312151
2019-07-29,-0.002079259962527982,-0.002079259962527982,0.0,1.2192188757471896,1.2158845255717035,-0.00161606948107329,1.1475407967909548
2019-07-30,-0.002708976378096523,-0.002708976378096523,0.0,1.2159160406130611,1.2125907231134365,-0.002578641959370631,1.14458169994226
2019-07-31,-0.012760119158276911,-0.012760119158276911,0.0,1.2004008070483783,1.1971179209962879,-0.01088550966088975,1.132122344789861
2019-08-01,-0.008260029610159111,-0.008260029610159111,0.0,1.1904854608380997,1.1872296915220064,-0.008998852495319398,1.1219345428024419
2019-08-02,-0.009890989944187632,-0.009890989944187632,0.0,1.1787103811162485,1.1754868145817212,-0.007282736765124032,1.113763788859512
2019-08-05,-0.03331006305649772,-0.03331006305649772,0.0,1.1394474639959178,1.1363312746659224,-0.02977780051499812,1.080598352934025
2019-08-06,0.013608752189765741,0.013608752189765741,0.0,1.1549539221666951,1.1517953253883315,0.01301700682663443,1.0946645090710172
2019-08-07,0.0010799404866965257,0.0010799404866965257,0.0,1.156201203667512,1.1530391957926063,0.0007668897934256513,1.095503996110249
2019-08-08,0.020132161923192192,0.020132161923192192,0.0,1.1794780335155362,1.1762523675860903,0.01876226603513209,1.11605813352782
2019-08-09,-0.007971004758196707,-0.007971004758196707,0.0,1.1700764084981954,1.1668764543672214,-0.006616543400644659,1.1086736864496907
2019-08-12,-0.011329024749247085,-0.011329024749247085,0.0,1.1568205839078092,1.1536568821363815,-0.01195758312918649,1.095416628680827
2019-08-13,0.01786393528940854,0.01786393528940854,0.0,1.1774859519601941,1.1742657340250466,0.01476202860858256,1.1115872002917304
2019-08-14,-0.029653351115077504,-0.029653351115077504,0.0,1.1425695475936473,1.1394448199115976,-0.02929276360753441,1.0790257392044238
2019-08-15,0.0029933663444013693,0.0029933663444013693,0.0,1.1459896768235518,1.1428555956868234,0.002464268112370549,1.0816847479259724
2019-08-16,0.013828082316536728,0.013903447515507658,-7.536519897093086e-05,1.161836516408569,1.1587452284792594,0.01442618345273217,1.0972893305375748
2019-08-19,0.01317024567338349,0.013259272023355343,-8.902634997185258e-05,1.177138188761978,1.174109346669431,0.01210587534790997,1.1105729783936542
2019-08-20,-0.007840776188316597,-0.006985435004126454,-0.0008553411841901431,1.167908511681175,1.1659076821405343,-0.007914764079147596,1.101783055276992
2019-08-21,0.008069152254796083,0.0083579541812962,-0.0002888019265001162,1.1773325432816024,1.175652285127486,0.008246825558263726,1.1108692679369123
2019-08-22,-0.0035041067849969176,-0.002887167421467657,-0.0006169393635292605,1.1732070443284917,1.1722579801508919,-0.0005060815269983809,1.1103070775214992
2019-08-23,-0.027325592994260805,-0.02772612966811414,0.0004005366738533342,1.1411484661371716,1.1397558033887467,-0.02594638977745078,1.0814986173154642
2019-08-26,0.011513843577052783,0.011729753552534443,-0.00021590997548165923,1.1542874710744686,1.1531248580725677,0.0109830670399107,1.0933767891330106
2019-08-27,-0.0027963935714034227,-0.0019701768109743173,-0.0008262167604291054,1.1510596290108046,1.150852998217035,-0.003203190683648494,1.0898744947883423
2019-08-28,0.004420064859933255,0.004262300860288268,0.00015776399964498745,1.1561473872286832,1.1557582799414008,0.006545469754213773,1.0970082353298685
2019-08-29,0.014738890130713366,0.01457407038981884,0.00016481974089452636,1.173187716543958,1.1726023824668828,0.01268724419482403,1.1109262466952314
2019-08-30,0.000581572125681211,0.000602022039031462,-2.0449913350250974e-05,1.1738700098180914,1.1733083149441486,0.0006428273461489553,1.1116403804661616
2019-09-02,-8.508605790004139e-05,-7.771249771152766e-05,-7.3735601885137255e-06,1.173770129846469,1.1732171342244087,,
2019-09-03,-0.008904443024543638,-0.008397974771500113,-0.0005064682530435249,1.1633183606013398,1.1633644863297006,-0.006899120439028739,1.103971039596438
2019-09-04,0.01215817244568135,0.0129179370374022,-0.0007597645917208507,1.1774621858387582,1.1783927555156575,0.01084207592549902,1.1159403774272947
2019-09-05,0.017350454160485373,0.017408081899705784,-5.7627739220411645e-05,1.1978916895198586,1.198906313113694,0.01300982374446003,1.13045856504695
2019-09-06,-0.002028015879003798,-0.0019070265117976353,-0.00012098936720616256,1.1954623461521856,1.1966199669894246,0.0009106182795699524,1.1314879812805783
2019-09-09,0.0009080816451010154,0.0004955100414654112,0.0004125716036356042,1.1965479235661358,1.197212904198886,-9.400042300200528e-05,1.1313816209317162
2019-09-10,-0.001339789543385409,-0.0012894164298251239,-5.037311356028513e-05,1.1949448011699824,1.1956691982102132,0.0003223174625557323,1.131746284984957
2019-09-11,0.0074023259360950205,0.007744578316938546,-0.0003422523808435255,1.2037901720638846,1.2049291519569034,0.007229667817909124,1.139928434679551
2019-09-12,0.0036142038417106095,0.0041232429305095835,-0.000509039088798974,1.2081409151283713,1.2098973675644746,0.002879107476682297,1.1432104111587198
2019-09-13,0.0007485014329232224,-0.0002512173030784105,0.0009997187360016328,1.209045210334518,1.2095934204107934,-0.0007243559711188619,1.1423823198711518
2019-09-16,-0.0052005017112053105,-0.00556780061888209,0.0003672989076767795,1.2027575686492487,1.2028586454160346,-0.003135609282467477,1.138800255264837
2019-09-17,-7.734174321936777e-05,0.0032829613797350833,-0.003360303122954451,1.202664545282219,1.206807583894216,0.002581755593803692,1.1417403591940922
2019-09-18,0.0012951298580296496,0.001995152435917049,-0.0007000225778873994,1.2042221520440077,1.2092153489849056,0.0003426822370828919,1.1421316133345487
2019-09-19,0.0026214891966341238,0.0025811597649513206,4.032943168280319e-05,1.2073790074059385,1.2123365269908668,1.995523375897257e-05,1.1421544048378762
2019-09-20,-0.009401770405162312,-0.007215106008337647,-0.0021866643968246648,1.1960275071862951,1.203589390430848,-0.004895586322955614,1.1365628893548485
2019-09-23,-6.747474151629492e-05,0.00047290807974088845,-0.0005403828212571834,1.1959468055394014,1.2041585775782733,-9.69228661094057e-05,1.1364527304220986
2019-09-24,-0.012040226797093009,-0.010374133499502985,-0.0016660932975900242,1.181547334763448,1.1916664757399047,-0.00841639425358831,1.1268878961922992
2019-09-25,0.010936610554837536,0.00896210495843834,0.001974505596399197,1.1944694578158621,1.202346315770938,0.006158565361019441,1.1338279089555412
2019-09-26,-0.003450365740602425,-0.002525158302417036,-0.000925207438185389,1.1903481013204182,1.1993102009892884,-0.002428916502226208,1.1310739356367945
2019-09-27,-0.006438485855303354,-0.006674623689897452,0.0002361378345940978,1.1826840619071795,1.1913052567102296,-0.005316326462073695,1.1250607773422068
2019-09-30,0.00537010284243854,0.005792469704333919,-0.00042236686189537926,1.189035196949734,1.1982058563183373,0.005047623227845355,1.130739660254657
2019-10-01,-0.008693547002883958,-0.009113926097907144,0.00042037909502318574,1.178698263576968,1.1872854966937725,-0.01225837661334206,1.116878627647613
2019-10-02,-0.016846564851278955,-0.017490334515656746,0.0006437696643777913,1.1588412468395286,1.1665194761910107,-0.01790323952044892,1.0968828820615675
2019-10-03,0.009276597416923882,0.009241798297919981,3.479911900390077e-05,1.169591350556585,1.1773002139005633,0.007971990677411389,1.1056272221715744
2019-10-04,0.015056806812881155,0.015205076736703215,-0.00014826992382206,1.187201661571932,1.1952011539950584,0.01421685339600032,1.1213457622998146
2019-10-07,-0.0023870583249737225,-0.0031157522747203123,0.0007286939497465898,1.184367741962254,1.1914772032807501,-0.004478304612789308,1.1163240343999756
2019-10-08,-0.013207404935675132,-0.01285199118599737,-0.00035541374967776145,1.1687253176014072,1.1761643487658693,-0.01556082605426046,1.0989531102804873
2019-10-09,0.009540996262198256,0.010207939401752275,-0.0006669431395540191,1.1798761214881786,1.1881705631645727,0.009104546742895181,1.108958580241286
2019-10-10,0.00844085028748417,0.006251663474428697,0.002189186813055473,1.1898352791874378,1.1955986056757,0.00641570185654583,1.1160733278633725
2019-10-11,0.010382756582456005,0.011735372741538788,-0.0013526161590827826,1.2021890492644594,1.2096294009625683,0.01093893054425776,1.1282819764791685
2019-10-14,-0.0009259854891356414,-0.00026041750262517985,-0.0006655679865104616,1.2010758396496426,1.2093143922948677,-0.001387079289088211,1.1267169599173428
2019-10-15,0.014313310379078873,0.012824434558134404,0.0014888758209444693,1.2182672109313608,1.2248231655790631,0.009955666436289423,1.1379341781383898
2019-10-16,-0.0013095744326949924,-0.0014175271093439608,0.00010795267664896833,1.2166717993397345,1.2230869455377023,-0.00199954601292518,1.135658826389522
2019-10-17,0.003476391898379874,0.002659733324831107,0.0008166585735487671,1.2209014273259462,1.2263400306459147,0.002762828253096483,1.1387964566809494
2019-10-18,-0.010487914047531645,-0.008554177168906052,-0.0019337368786255926,1.208096718095643,1.2158497007544478,-0.003919344885671916,1.1343331206126357
2019-10-21,0.010603443950207587,0.010438994559515948,0.0001644493906916393,1.2209067039324,1.2285419491658127,0.006871609403255041,1.142127814750661
2019-10-22,-0.008483715387261004,-0.0055928521138617,-0.0028908632733993037,1.2105488789418386,1.2216708957284528,-0.003568672839506126,1.138051934238916
2019-10-23,0.003974728897381041,0.00370022072972063,0.0002745081676604113,1.215360482552661,1.2261913477017234,0.002847139009142241,1.1412921262953173
2019-10-24,0.004530486472016341,0.005832243516708382,-0.0013017570446920406,1.220866656777489,1.2333427942396007,0.001920439870594981,1.1434839091986508
2019-10-25,0.008342820336915125,0.007190367368626828,0.0011524529682882968,1.231052127950314,1.2422109820216323,0.004072697314876805,1.148140973045249
2019-10-28,0.010974975587939043,0.009150902261589423,0.00182407332634962,1.244562895002049,1.2535783333063852,0.00558137996062924,1.154549184064181
2019-10-29,-0.007631255982166862,-0.006451037039984836,-0.0011802189421820253,1.2350653169643817,1.2454914530457033,-0.0008323956544341593,1.1535881423405354
2019-10-30,0.00769287349978352,0.004639336355121278,0.0030535371446622425,1.2445665182117587,1.2512697068238112,0.003253328240403919,1.157341143221807
2019-10-31,-0.00013890379406462664,-0.001128526112491551,0.0009896223184269243,1.2443936432004132,1.2498576162858908,-0.003022873403637272,1.1538426474610266
2019-11-01,0.011451059255459781,0.01028865674666062,0.0011624025087991607,1.2586432685458186,1.262716972282056,0.009662360578885698,1.164991491172091
2019-11-04,0.009720349303581425,0.00572009877387407,0.004000250529707356,1.2708777207646853,1.2699398380869567,0.00370405391746087,1.1693066824687757
2019-11-05,-0.0013502753530169396,-0.0002916027546608021,-0.0010586725983561375,1.2691616859016384,1.269569520131917,-0.001185730946278274,1.1679201993496824
2019-11-06,-7.414475493253274e-06,0.0003387935840142841,-0.0003462080595075374,1.2691522757334213,1.2699996421397977,0.0007025258405917167,1.1687406934694746
2019-11-07,0.008836645623682577,0.004577123785136216,0.0042595218385463604,1.2803673246365679,1.2758125877089501,0.002730126950903022,1.1719315039353326
2019-11-08,0.007417080773453046,0.0021151106528050547,0.005301970120647991,1.2898639125030873,1.278511072504196,0.002560628553277322,1.1749323852067948
2019-11-11,2.410014485537154e-05,-0.002218321770087768,0.0022424219149431396,1.2898949984102224,1.2756749235587617,-0.001962445200253349,1.1726266447868234
2019-11-12,0.002590112652873795,0.0023255708521125913,0.0002645418007612035,1.2932359717664832,1.2786415959777608,0.001564620781921544,1.1744613608046919
2019-11-13,-0.002652751016275016,-0.00019205304002551768,-0.0024606979762494983,1.289805338728096,1.27839602897215,0.0007115504036430131,1.1752970492600356
2019-11-14,0.005317681950524713,2.0802090275138478e-05,0.005296879860249575,1.296664113297541,1.2784226222817523,0.0008370932502488326,1.1762808824870086
2019-11-15,0.013459843919790214,0.009220083451823622,0.004239760467966591,1.314117009878919,1.2902097855458894,0.007695462486638771,1.1853329078919377
2019-11-18,0.005324823295428257,0.0028059519084429174,0.0025188713869853394,1.3211144507460406,1.2938300521559336,0.0005031309486422941,1.1859292855623422
2019-11-19,-0.001164216085242373,-0.0003216830677313178,-0.0008425330175110552,1.319576388052036,1.2934138489356333,-0.000592563172038818,1.1852265475430757
2019-11-20,-0.0042206221252959995,-0.005607963310737534,0.0013873411854415348,1.3140069547526054,1.2861604315252024,-0.003756193552935994,1.1807746072264258
2019-11-21,-0.004045898384274087,-0.002184992038485353,-0.0018609063457887343,1.308690616137447,1.283350181222105,-0.001582777323819506,1.178905703953566
2019-11-22,0.001117016967775194,0.000664732372946535,0.00045228459482865894,1.3101524457612408,1.2842032656333902,0.002174935718566529,1.1814697480779164
2019-11-25,0.010154583876324579,0.00969785887812679,0.0004567249981977887,1.3234564986624953,1.2966572876743323,0.007507338543994324,1.190339441456225
2019-11-26,0.0004898133536764211,0.0012561534991788255,-0.0007663401455024044,1.32410474532855,1.2982860882634801,0.002195529799211116,1.1929528671711185
2019-11-27,0.005222617760171801,0.004966489942291991,0.00025612781787981,1.3310200382878306,1.3047340130630585,0.00417446792250975,1.1979328106481903
2019-11-28,-0.00034153030592547326,-0.0003689575527387806,2.742724681330732e-05,1.3305654546069612,1.3042526215946237,,
2019-11-29,-0.003183358607894946,-0.004421357178446796,0.0012379985705518503,1.3263297876136704,1.2984860549036283,-0.004011250527170329,1.1931276020299633
2019-12-02,-0.010683675273534279,-0.009262955875854486,-0.0014207193976797927,1.3121597108571903,1.2864582358716437,-0.008631064190157245,1.1828296411097943
2019-12-03,-0.008459186770349566,-0.007211015784396976,-0.0012481709859525902,1.3010599067905215,1.2771815652268057,-0.006638042050567283,1.17497796821345
2019-12-04,0.002311457248735537,0.0054724002151496556,-0.0031609429664141184,1.3040672511431115,1.284170813899138,0.006323548428811776,1.1824079982982347
2019-12-05,0.0023138798132149247,0.002955357613628134,-0.0006414778004132093,1.3070847060306063,1.2879659978911937,0.001500276282141666,1.1841819369738962
2019-12-06,0.008442393858744892,0.009835212548310168,-0.0013928186895652752,1.3181196299256583,1.30063341723545,0.009135730393304842,1.1950003038867112
2019-12-09,-0.003205283893020857,-0.002585092205439468,-0.0006201916875813889,1.313894682306783,1.2972711599264204,-0.00316283682622831,1.1912207129182242
2019-12-10,-0.00185723055879648,-0.000405500396377313,-0.0014517301624191671,1.3114544769517626,1.2967451159568613,-0.001096952767254744,1.1899140000607773
2019-12-11,0.007131966522790875,0.004479560102638174,0.002652406420152701,1.3208077263775468,1.3025539636415926,0.002908201703420987,1.1933745099826785
2019-12-12,0.01357569921271335,0.00939011931067347,0.00418557990203988,1.3387386147886762,1.3147851007687779,0.008575166394515055,1.2036078949767528
2019-12-13,0.006011708818616505,0.0013722265546514062,0.004639482263965098,1.3467867215250235,1.316589283797713,7.258794976916505e-05,1.2036952624061752
2019-12-16,0.009202508333827696,0.00878642933829755,0.00041607899553014645,1.359180537553746,1.3281574025073613,0.007147816208028068,1.2122990549123287
2019-12-17,0.005246091440419444,0.0028559146303913296,0.002390176810028114,1.3663109229377917,1.3319505066646444,0.0003352708016732819,1.212705503388337
2019-12-18,0.003950611705316731,-0.0002673577133012005,0.004217969418617931,1.371708686863052,1.3315943994229522,-0.000432260408705365,1.212181298811803
2019-12-19,0.0018234595641786143,0.0054962218257009685,-0.003672762261522354,1.3742099421873792,1.3389131376240417,0.004459221469443442,1.2175866836843225
2019-12-20,0.005577646993557236,0.003024093280656701,0.002553553712900535,1.3818748001399372,1.3429621358469135,0.004944826962253845,1.223607439146686
2019-12-23,0.0017003675180468426,0.0017724159986979258,-7.204848065108329e-05,1.3842244951641027,1.3453424234221338,0.0008661314657181229,1.2246672440514177
2019-12-24,0.00015014672927452993,-0.0005873074280878874,0.0007374541573624174,1.3844323319446334,1.3445522938235364,-0.0001954088231737039,1.2244279332664783
2019-12-25,0.0,0.0,0.0,1.3844323319446334,1.3445522938235364,,
2019-12-26,0.008816190736437477,0.00998063263215639,-0.0011644418957189127,1.3966377514447483,1.3579717763229122,0.005128157399996169,1.2307069924332208
2019-12-27,-0.0007715911802196639,0.0002563810457007696,-0.0010279722259204334,1.3955601180737718,1.358319934546958,3.395156038288327e-05,1.230748776855988
2019-12-30,-0.002997202836510572,-0.007215342428917906,0.004218139592407334,1.39137734132936,1.3485191910911765,-0.005780828513404224,1.2236340292339014
2019-12-31,0.004360195736540554,0.0027423601920731795,0.0016178355444673746,1.3974440188809432,1.3522173164390714,0.002946024729223451,1.2272388853435439
2020-01-01,0.0,0.0,0.0,1.3974440188809432,1.3522173164390714,,
2020-01-02,0.01866625850464491,0.01485232213194146,0.00381393637270345,1.4235290701831447,1.372300883615214,0.008378781594537532,1.237521651928161
2020-01-03,-0.007929814620117824,-0.009163599800194204,0.0012337851800763803,1.4122407485502437,1.3597256675123113,-0.007059870773669763,1.22878490898593
2020-01-06,0.0068660246702874185,0.00598223578181452,0.0008837888884728985,1.4219372283701748,1.367859867053955,0.003533394129557887,1.2331266903698301
2020-01-07,-0.0009460146440515607,-0.0021937287655241825,0.001247714121472622,1.4205920549292146,1.3648591535163928,-0.002803208595685058,1.2296699790318169
2020-01-08,0.010073142215606257,0.007892160932032934,0.002180981283573323,1.4349018807288767,1.3756308416055025,0.004902415064964138,1.2356983316619565
2020-01-09,0.010081677518250806,0.009234864439692965,0.0008468130785578409,1.449368098760717,1.38833460594679,0.006655292725288531,1.2439222657793174
2020-01-10,-0.00016125366983947264,-0.0019587365790840164,0.0017974829092445438,1.4491343828358436,1.3856152241701138,-0.002855223379240823,1.2403705898441062
2020-01-13,0.010663239972344288,0.01026688065968471,0.0003963593126595777,1.4645868505121973,1.3998411703169105,0.006976281256220629,1.249023763940803
2020-01-14,-0.0031950263381218076,-0.004423592544531753,0.001228566206409945,1.4599074569503439,1.393648843352368,-0.001514538658751285,1.2471320691646157
2020-01-15,0.0010577173440822986,-7.327814694690527e-06,0.001065045158776989,1.4614516263883153,1.3936386309518944,0.001870155186330269,1.2494643996718027
2020-01-16,0.008245361495929795,0.00989684589532681,-0.0016514843993970154,1.4735018233567012,1.4074312577161996,0.00836654718799501,1.2599181025313766
2020-01-17,0.006279780532678007,0.004324710284653605,0.001955070248024402,1.482755091421882,1.4135179901513877,0.003862144651035182,1.2647840884918105
2020-01-20,0.0006584014093730333,0.0004684249132807784,0.00018997649609225485,1.4837313394638294,1.414180117193345,,
2020-01-21,-0.0029402666704691485,-0.00040033676259146886,-0.0025399299078776795,1.4793687736584735,1.4136139689035068,-0.002651954277064661,1.2614299389187713
2020-01-22,0.001082561886454402,0.0009516020444208081,0.00013095984203359383,1.480970281908847,1.4149591668463373,0.0002890878375325645,1.2617946029720122
2020-01-23,0.0026584150693366635,0.0008707831029619707,0.0017876319663746928,1.4849073156235133,1.4161912893802082,0.001140964852863746,1.2632342662655365
2020-01-24,-0.0067971198698379975,-0.006756571741189437,-4.054812864856018e-05,1.474814222603621,1.4066226913342632,-0.009042140524546438,1.2518119245145412
2020-01-27,-0.022508935067124217,-0.018165500772893906,-0.0043434342942303104,1.4416177250309647,1.3810706857476605,-0.01573068484920204,1.23212006563953
2020-01-28,0.01492836115861164,0.012917869221808573,0.002010491936803067,1.4631387150828832,1.3989111762522222,0.01005355111402961,1.2445072476980585
2020-01-29,0.001225432485611947,0.003960928819655906,-0.0027354963340439596,1.4649316927953024,1.4044521638463783,-0.0008668473616095795,1.2434284498738875
2020-01-30,0.0005022162202074594,0.0029557046214407317,-0.0024534884012332725,1.4656674052529204,1.4086033095976516,0.003134355715769477,1.2473257969429001
2020-01-31,-0.018914633512146947,-0.01748153717161428,-0.0014330963405326663,1.437944843431862,1.3839787584808614,-0.01770585261567881,1.225240830218495
2020-02-03,0.014977420402722881,0.011502743554636147,0.003474676848086734,1.4594815478678684,1.3998983112247305,0.007254644212406181,1.2341295165162434
2020-02-04,0.023067446117145236,0.019274554206103002,0.0037928919110422343,1.4931480598322782,1.4268807271074637,0.01498036270514502,1.2526172242987819
2020-02-05,0.00786777829890774,0.006666647306964376,0.0012011309919433633,1.5048958177344829,1.436393237664194,0.01125064061936132,1.2667099705229894
2020-02-06,0.007668265826326814,0.0068936310214898645,0.0007746348048369494,1.5164357589057982,1.446295202646414,0.003325646461890042,1.2709226000547
2020-02-07,-0.00258449106035941,-0.003374511403536647,0.0007900203431772368,1.5125165442432968,1.4414146629922033,-0.005400833288500828,1.2640585589692166
2020-02-10,0.012178807667033758,0.010587643280024815,0.001591164387008943,1.5309371923288424,1.4566758472625618,0.007326359568592178,1.2733195064879816
2020-02-11,0.00181839962292587,0.000272205788148345,0.001546193834777525,1.5337210479420964,1.4570723628596427,0.001688498817155715,1.2754695049685478
2020-02-12,0.010144624873694727,0.009093347907017102,0.0010512769666776254,1.549280072634359,1.4703220287808247,0.006462661008115544,1.2837124320053486
2020-02-13,-0.0010751834974435399,-0.0012415640954657752,0.0001663805980222353,1.5476143122673445,1.4684965297411179,-0.001630442823536304,1.281619412283101
2020-02-14,0.004966420511352716,0.002454973274960717,0.0025114472363919993,1.5553004157314518,1.472101649476005,0.001843541971700668,1.2839821314613913
2020-02-17,0.00011855966884352175,-8.719717001286598e-05,0.00020575683885638773,1.5554848116336932,1.4719732863781996,,
2020-02-18,-0.0007335074827938289,-0.0017198669540706639,0.0009863594712768349,1.5543438518849877,1.4694416881656829,-0.002919980119284293,1.2802329291640078
2020-02-19,0.010329391057771063,0.007375170501803334,0.002954220555967729,1.57039927736935,1.4802790711583624,0.004705826501577137,1.2862574832102596
2020-02-20,-0.00812143264717451,-0.006387596252973897,-0.001733836394200613,1.5576453854090233,1.4708236461100757,-0.003815542725514209,1.2813497128270583
2020-02-21,-0.01998742143773603,-0.015253295432396946,-0.004734126005339083,1.5265120706403084,1.4483887385070033,-0.01051810875629589,1.2678723371926948
2020-02-24,-0.04175595870625868,-0.03854761083299648,-0.003208347873262199,1.4627710956540463,1.3925568130801407,-0.0335135944873044,1.225381377822348
2020-02-25,-0.027617554550578464,-0.026938280754696918,-0.0006792737958815458,1.4223729351248113,1.3550437266825217,-0.03028001574759209,1.1882768104050812
2020-02-26,-0.00015954588784735288,0.0006546420980472334,-0.0008141879858945863,1.4221460013720268,1.355930795350703,-0.003778518705585654,1.1837868842495518
2020-02-27,-0.047347660343244134,-0.048300118085971254,0.0009524577427271197,1.3548107155405613,1.290439177818859,-0.04416327866537872,1.1315069742000183
2020-02-28,0.004008186626633435,-0.0016887227827553468,0.0056969094093887816,1.3602410497322108,1.2882599837795163,-0.008238327357692588,1.1221852493390463
2020-03-02,0.04974480600228059,0.0502479289203288,-0.0005031229180482086,1.427905976867478,1.3529923798753734,0.04603922524388837,1.1738497887987356
2020-03-03,-0.029840824505328493,-0.030922118255556186,0.001081293750227693,1.3852960852016658,1.3111549895060008,-0.02810794018568197,1.1408552891482053
2020-03-04,0.041259468559887415,0.04158331505539396,-0.00032384649550654815,1.4424526654751793,1.3656771605210807,0.04220259242118019,1.1890023399276748
2020-03-05,-0.03128998046795096,-0.031415566145217594,0.0001255856772666361,1.3973183497465171,1.3227736393517178,-0.03392202215889484,1.1486689762056703
2020-03-06,-0.01615183361528861,-0.01704311067569049,0.0008912770604018808,1.3747490962538218,1.3002294618173604,-0.01705390979979771,1.1290796790956328
2020-03-09,-0.07394738278557351,-0.06999351737342198,-0.003953865412151536,1.2730899985990192,1.2092218283922118,-0.07596968075979771,1.0433038563223627
2020-03-10,0.05289620065519186,0.05381956461907046,-0.0009233639638785984,1.3404316226170307,1.2743016207241569,0.04939633578003022,1.0948392439298624
2020-03-11,-0.041292868741575076,-0.04489995090185166,0.0036070821602765812,1.2850813555672491,1.2170855405194922,-0.04886841091793503,1.0413361898684166
2020-03-12,-0.09635483665659873,-0.09102998415417861,-0.005324852502420124,1.1612575514611263,1.106294263051723,-0.09511268047479748,0.9422919135746188
2020-03-13,0.09836593187083358,0.09989303902020952,-0.001527107149375942,1.2754857326526425,1.2168053590385826,0.0928711945304439,1.0298036891846716
2020-03-16,-0.11947756482502056,-0.1193047058118407,-0.0001728590131798574,1.1230938033462476,1.0716347536482131,-0.1198405028365707,0.906391497249825
2020-03-17,0.05964445802885624,0.060037314155478465,-0.0003928561266222236,1.1900801245624013,1.1359728260129196,0.05995482224354909,0.9607340383505026
2020-03-18,-0.04202248876461212,-0.03731586948904833,-0.004706619275563789,1.1400699958989895,1.0935830122943162,-0.05183082330706679,0.9109384021636731
2020-03-19,0.01234423281796104,0.00777832628019586,0.004565906537765179,1.1541432853571385,1.1020892577784207,0.004707893749218206,0.9152270033731422
2020-03-20,-0.0324778846907543,-0.03754438329448291,0.005066498603728611,1.116659152818701,1.0607119962596554,-0.0433595225347494,0.8755431974959733
2020-03-23,-0.014896415356097197,-0.01691956935427761,0.002023153998180413,1.100024934267126,1.0427652060740258,-0.02929385835517062,0.849895159084693
2020-03-24,0.09127363639470595,0.08738518055519338,0.0038884558395125696,1.200428210142534,1.133887431883478,0.09382765710199337,0.9296388306439357
2020-03-25,-0.0027057154219691923,-0.00020163111736074351,-0.002504084304608449,1.1971801930213846,1.133658804893626,0.01153501979708493,0.9403622329595523
2020-03-26,0.05383785131215548,0.054277830378849735,-0.00043997906669425435,1.2616338022471276,1.1951913452131318,0.06241416083633622,0.9990541526119061
2020-03-27,-0.03403806370848307,-0.03360949726063048,-0.00042856644785259357,1.2186902305094642,1.1550215649702618,-0.0336873163071707,0.9653986993648764
2020-03-30,0.0341162504325768,0.03706793577731832,-0.0029516853447415156,1.2602673716132597,1.1978358301619971,0.03351603599491648,0.9977550369222352
2020-03-31,-0.012288499240854083,-0.012519780675449158,0.00023128143459507505,1.244780576973917,1.1828391882831744,-0.0160127919593398,0.9817781930896161
2020-04-01,-0.041515350259697846,-0.03929795087225398,-0.0022173993874438636,1.193103075324376,1.1363560319722454,-0.04414239782712159,0.9384401495122617
2020-04-02,0.023686548304560625,0.023372023202561105,0.00031452510199951947,1.2213635689503666,1.162914971517871,0.02282938676381296,0.9598641626401676
2020-04-03,-0.018554261716377404,-0.014213070451813149,-0.004341191264564255,1.1987020696412127,1.1463863790982192,-0.01513712453995009,0.9453345792688485
2020-04-06,0.0738835324604836,0.06906820270437043,0.004815329756113165,1.2872664129139981,1.2255652259073044,0.07033130412070787,1.0118211930592274
2020-04-07,-0.004920854727894604,-0.004414645398031642,-0.0005062093298629613,1.2809319618999504,1.2201547900227652,-0.001603045410860204,1.0101991977390827
2020-04-08,0.02699819386748985,0.025649723361676726,0.001348470505813125,1.3155148113383894,1.251451422845274,0.03405642604938697,1.0446029720120338
2020-04-09,0.0075671261985433965,0.005909443162858592,0.0016576830356848041,1.3254694779318401,1.2588468038996565,0.01448737809002254,1.0597365302215334
2020-04-10,-1.6554431233991168e-05,1.6746034094386228e-05,-3.3300465328377396e-05,1.325447535538515,1.258867884591154,,
2020-04-13,0.007543138750130998,0.0034761863796072454,0.004066952370523753,1.3354455702051011,1.263243943985295,-0.01010459456165635,1.0490283222414682
2020-04-14,0.037126757455562494,0.03518536370679994,0.0019413937487625516,1.3850263339852114,1.30769164160483,0.03057252419766576,1.0810997660072323
2020-04-15,-0.01131376246845577,-0.013013874834061714,0.0017001123656059432,1.3693564750299467,1.290673506259436,-0.0220304561393645,1.0572826450299329
2020-04-16,0.012050869613293543,0.012218638929691106,-0.00016776931639756257,1.3858584113646517,1.3064437798085387,0.005816710738100639,1.0634325523444859
2020-04-17,0.014646970446473841,0.016131067584690968,-0.0014840971382171272,1.4061570385589068,1.3275181127162294,0.02679359182725793,1.0919257300878231
2020-04-20,-0.013086555195949178,-0.015981681717382824,0.002895126521433646,1.3877552868596332,1.306302140764738,-0.01788099743960814,1.0724010089038805
2020-04-21,-0.03307133712429119,-0.031208538709111666,-0.0018627984151795215,1.341860363921881,1.2655343598388862,-0.03067484662576681,1.0395052724344362
2020-04-22,0.027645805636474646,0.02809397339803615,-0.00044816776156150415,1.3789571747341542,1.3010882484785005,0.02293024819481393,1.0633413863311756
2020-04-23,0.002357339006143488,0.0004923480463469129,0.001864990959796575,1.3822078442699566,1.301728836735764,-0.000539418642451106,1.0627678001640988
2020-04-24,0.012726012115476536,0.012291011529563165,0.00043500058591337126,1.399797838042243,1.317728400876448,0.01391807849024218,1.0775594858236848
2020-04-27,0.006021834684858078,0.006087536803458234,-6.570211860015655e-05,1.4082271892151552,1.3257501210137457,0.01471407319669771,1.0934147749718903
2020-04-28,-0.012884852931185993,-0.013859122724019443,0.0009742697928334498,1.3900823889884204,1.3073763873852324,-0.005242350129234907,1.087682711885009
2020-04-29,0.033459828397761814,0.03079234272266152,0.0026674856751002923,1.4365943071827239,1.3476335691731136,0.02658387435871479,1.1165975324399062
2020-04-30,0.0025888684096099096,0.0016685978684806801,0.0009202705411292295,1.4403134608020145,1.349882227674129,-0.009212419757034462,1.1063109672714009
2020-05-01,-0.03260898525258455,-0.028124266752951474,-0.004484718499633077,1.3933463003996225,1.3119177798179533,-0.02805904347915655,1.075268939739265
2020-05-04,0.013700209905124739,0.009726588208834524,0.003973621696290215,1.4124354371856263,1.3246782638260908,0.004249817183674676,1.0798386361564405
2020-05-05,0.006598150930489413,0.00914790547222748,-0.002549754541738068,1.4217548993797486,1.3367962953646861,0.009040573531170715,1.089600996748412
2020-05-06,0.0007842305618433584,0.00022596836957695953,0.0005582621922663989,1.4228698830232926,1.3370983690440061,-0.006979403438802989,1.0819962318047829
2020-05-07,0.009157408617716904,0.009105091662861442,5.231695485546223e-05,1.43589968395198,1.3492727722564144,0.01150462361589932,1.0944441912055183
2020-05-08,0.015436067325876768,0.0144954303513534,0.0009406369745233682,1.4580643281466676,1.3688310617516348,0.01687150101173485,1.1129091074847295
2020-05-11,0.007008862010059917,0.0048069534908168525,0.002201908519243064,1.4682836998244384,1.3754109690022605,0.0001774865178509888,1.1131066338469016
2020-05-12,-0.018458680388039658,-0.01885255499036442,0.0003938746023247619,1.4411811202904108,1.3494809580747948,-0.02054383139042848,1.0902391588415834
2020-05-13,-0.016883089543225427,-0.013102348255702796,-0.0037807412875226314,1.4168495303885418,1.3317995885976595,-0.01746268448705979,1.0712006563952954
2020-05-14,0.014097400702996888,0.01195991913075268,0.002137481572244207,1.4368234259542818,1.347727803975657,0.01152482269503552,1.0835460540310569
2020-05-15,0.005911266549566625,0.0050793778763728635,0.0008318886731937614,1.4453168722097591,1.3545734227665436,0.003926380368098004,1.0878004679855344
2020-05-18,0.025612991132608055,0.021918382182193254,0.003694608950414801,1.4823357604414764,1.3842634807405825,0.03150120473513285,1.1220674932385202
2020-05-19,-0.005538840047338516,-0.0066142726118820164,0.0010754325645435008,1.4741253397679412,1.3751075847122916,-0.01048440880053891,1.1103032789376115
2020-05-20,0.02099766459123708,0.01823171518489383,0.002765949406343251,1.505078529217832,1.4001781545453533,0.01665104312780974,1.1287909867201502
2020-05-21,-0.010781298192998617,-0.009545184586408056,-0.0012361136065905613,1.4888518287904546,1.3868131956063616,-0.007773563825670182,1.1200162579390398
2020-05-22,0.002908209418258497,0.0020682346791641624,0.0008399747390943346,1.4931817217013343,1.389681450751037,0.002353731206609311,1.1226524751572606
2020-05-25,2.449625881300462e-05,4.1975747849821e-05,-1.747948903681638e-05,1.493218299067244,1.3897397836692054,,
2020-05-26,0.0024640867443252476,0.003598881840076072,-0.0011347950957508244,1.4968977184843595,1.3947412929390837,0.01228916070310793,1.13644893183821
2020-05-27,0.005910789978503918,0.00823620293517659,-0.0023254129566726723,1.5057455665176225,1.4062286652698006,0.01482734301099353,1.1532994499650524
2020-05-28,-0.005540613857933626,-0.002051199604319203,-0.003489414253614423,1.497402811765253,1.4033442095880169,-0.002107946629426261,1.1508683562767794
2020-05-29,0.0077681324551286245,0.006395623516811759,0.0013725089383168658,1.5090348351457274,1.4123194708170395,0.004812310007822562,1.1564066915853766
2020-06-01,0.005484550762403727,0.0054766596970708455,7.891065332881787e-06,1.5173112133013198,1.4200542639422515,0.003751260548367386,1.1607446743853889
2020-06-02,0.008869261836977598,0.006403658887470459,0.0024656029495071395,1.5307686437402714,1.4291478070502357,0.00821080396500995,1.1702753213601966
2020-06-03,0.009049938082094276,0.008626146935072215,0.00042379114702206094,1.5446220051841324,1.441475846025787,0.01364896358761625,1.1862483666089279
2020-06-04,-0.006491946521022343,-0.006896254667810249,0.0004043081467879064,1.5345944017312827,1.4315350614940958,-0.003368696103263957,1.1822522563588291
2020-06-05,0.026330866315259754,0.022987012448718536,0.003343853866541218,1.575001601771415,1.4644417757734378,0.02621170498176606,1.213241103716534
2020-06-08,0.007265420355572666,0.006928576320692613,0.00033684403488005304,1.5864446504689846,1.4745882723840946,0.01204159139367489,1.2278504573494997
2020-06-09,0.006083464219041796,0.006574518290608172,-0.0004910540715663755,1.5960957297356029,1.484282979952,-0.007799182648133396,1.218274227368037
2020-06-10,0.005822553601874106,0.0072261873839857,-0.0014036337821115939,1.605389082675711,1.4950086868959938,-0.0053130787794885,1.21180144042301
2020-06-11,-0.053637178802561476,-0.051432343475104315,-0.002204835327457161,1.5192805414005537,1.4181168866132943,-0.05894412157460172,1.1403728689944386
2020-06-12,0.007693393161102608,0.007400112232900602,0.00029328092820200564,1.5309689639275608,1.4286111107336041,0.0130608573998201,1.1552671164189987
2020-06-15,0.009831447095837173,0.007887520288441035,0.0019439268073961381,1.5460206043017832,1.4398793098538076,0.008312207568449193,1.1648699364876771
2020-06-16,0.020911075622024107,0.019500606674878476,0.0014104689471456308,1.5783495580715452,1.4679578299345621,0.01896243058250358,1.18695870179597
2020-06-17,-0.0014736988534155785,-0.0004337597361562458,-0.0010399391172593326,1.5760235461375263,1.4673210889335613,-0.003600299544922136,1.1826852949220525
2020-06-18,0.0028779841513280288,0.0017282921148385824,0.0011496920364894463,1.5805593169254297,1.4698570484015014,0.000594188515139038,1.1833880329413191
2020-06-19,-0.0001437236922551394,-0.0021985163983559725,0.002054792706100833,1.5803321531045729,1.4666255435773516,-0.005649463621948292,1.1767025252985681
2020-06-22,0.011951934692926896,0.011559933642363972,0.0003920010505629231,1.5992201797916112,1.4835796375393018,0.006495057687217143,1.1843452760810764
2020-06-23,0.004987681775784007,0.007039539919019875,-0.0020518581432358678,1.6071965811378237,1.494023355620805,0.004307441642665166,1.1894467742425618
2020-06-24,-0.022384269188859194,-0.020466345314332668,-0.001917923874526526,1.5712206602262206,1.4634461577169915,-0.02585515873649524,1.1586934390859083
2020-06-25,0.011974028976635624,0.011090136344160412,0.0008838926324752118,1.590034501940458,1.4796759751384108,0.01095946995898811,1.171392105023247
2020-06-26,-0.031073658556075277,-0.028214489980664326,-0.0028591685754109503,1.540626312734781,1.4379276721632384,-0.02422691778867359,1.1430128847965475
2020-06-29,0.012024027084531283,0.012235114696996044,-0.00021108761246476163,1.5591508452462457,1.4555208821581402,0.01468569814393228,1.1597988269972948
2020-06-30,0.02345352363459912,0.0176926474441471,0.00576087619045202,1.5957184264451338,1.481272899973758,0.01540985969003428,1.1776711641899893
2020-07-01,0.007872626291335498,0.00946034329960887,-0.0015877170082733722,1.6082809212827345,1.495286250127917,0.005022110834792981,1.1835855593034912
2020-07-02,0.004306693477510924,0.005665100502998425,-0.0013584070254875008,1.615207294236428,1.5037571970156431,0.004541282342595654,1.1889605555049074
2020-07-03,0.0001761856667737668,0.00029217349861192774,-0.00011598783183816095,1.6154918706105408,1.504196555016958,,
2020-07-06,0.025359170722507002,0.02492829004461275,0.0004308806778942527,1.6564594047581755,1.5416936030245283,0.0158817383970018,1.2078433160117903
2020-07-07,-0.009131710048476497,-0.008491585306434249,-0.0006401247420422477,1.6413330977668519,1.5286021802780616,-0.01081856264073555,1.194776187437323
2020-07-08,0.014396604056698094,0.012254269934016194,0.0021423341226819003,1.664962720500555,1.5473340840169147,0.007827502448081614,1.2041283009693984
2020-07-09,0.00461544752746848,0.00488918677018816,-0.0002737392427196797,1.6726472685722165,1.5548992893495515,-0.005643639942711776,1.197332634393898
2020-07-10,0.009714568649643693,0.008669193750947053,0.0010453748986966396,1.6888963152894,1.5683790125521326,0.01046620453355751,1.2098641626401676
2020-07-13,-0.016543426915197126,-0.01312057709186615,-0.0034228498233309767,1.660956182530064,1.5478009748086774,-0.009362519779971379,1.1985367854863704
2020-07-14,0.011700912655416675,0.011849534611560039,-0.00014862195614336396,1.6803908857463226,1.5661416960314793,0.01340635518283984,1.2146047953322998
2020-07-15,0.008632979990731579,0.0009776021319895312,0.007655377858742048,1.6948976666395783,1.5676727594925175,0.00908203857989931,1.2256358829428384
2020-07-16,-0.005669495854310783,-0.005879770182168672,0.00021027432785788915,1.6852884513450843,1.5584552039458552,-0.003406104334027549,1.221461239250007
2020-07-17,-0.003428259504592637,-0.0003942895100346435,-0.0030339699945579938,1.6795108451937801,1.5578407214070806,0.00284863958800452,1.2249407420913476
2020-07-20,0.018362677154736065,0.022361932229646556,-0.003999255074910491,1.7103511606219515,1.5926770500437697,0.008406905384326757,1.2352387030115166
2020-07-21,-0.0012588092009389474,-0.005174074077410545,0.0039152648764715975,1.708198154844124,1.5844364210054516,0.001679049399724519,1.2373127298143245
2020-07-22,0.004261813621029129,0.0036010664717225035,0.0006607471493066254,1.7154781770078555,1.5901420818777103,0.005747091149111094,1.244423678852523
2020-07-23,-0.02225397963391331,-0.022098566448876426,-0.0001554131850368852,1.6773019605943,1.5550022214181811,-0.01231982710728263,1.2290925942808513
2020-07-24,-0.0066638864010693495,-0.004771546574581494,-0.0018923398264878554,1.6661246108686087,1.5475824558951066,-0.006190390832163994,1.2214840307533343
2020-07-27,0.01052749720759155,0.015259559468317469,-0.004732062260725919,1.6836647330570276,1.5711978824129627,0.007395129414764723,1.2305170632388236
2020-07-28,-0.011632933682801256,-0.010475789541702356,-0.0011571441410989005,1.664078772873304,1.5547383440684361,-0.006473401020556158,1.2225514328258416
2020-07-29,0.008295379557579597,0.013576742712566413,-0.005281363154986816,1.6778829379079991,1.5758466265512148,0.01242838145188352,1.237745768377548
2020-07-30,-0.0026570041279871076,-0.002013062034253791,-0.0006439420937333165,1.6734247960156985,1.5726743495354976,-0.003750260861025589,1.2331038988665015
2020-07-31,0.013951511893598872,0.014946457980648257,-0.000994946087049385,1.6967716019603547,1.596180260618073,0.007670459796317086,1.2425623727474389
2020-08-03,0.013210459667748187,0.009901122143420649,0.0033093375243275387,1.7191867347734326,1.6119842363413697,0.007181026681992719,1.2514852463001784
2020-08-04,0.006277173551284967,0.004258060380805338,0.002019113170479629,1.7299783682746723,1.6188481625526177,0.003611960140957438,1.256005561126811
2020-08-05,0.0042913891272550716,0.005839358870217368,-0.0015479697429622965,1.7374023786346728,1.6283011979301545,0.006429740118735428,1.264081350472543
2020-08-06,0.011122539244563674,0.012009141417144896,-0.0008866021725812221,1.7567267047746353,1.647855697285804,0.006427727877827971,1.2722065214088178
2020-08-07,-0.007616011277256144,-0.006331803639615778,-0.0012842076376403657,1.7433474543800145,1.6374217985841681,0.0006329945419150107,1.2730118211930583
2020-08-10,-0.0010761443694285281,-0.0012426561790590978,0.00016651180963056966,1.741471360833026,1.6353870462684315,0.002742235802439597,1.2765027197860628
2020-08-11,-0.01564622926383674,-0.014172029535999192,-0.0014741997278375496,1.7142239006650266,1.6122102927459248,-0.007969123366671882,1.2663301121341954
2020-08-12,0.022889856397400467,0.021387389235658378,0.0015024671617420889,1.7534622395842407,1.6466912618066167,0.01399650237424588,1.2840543045552608
2020-08-13,0.0023460471157849645,-0.0004068717887122277,0.002752918904497192,1.7575759446140553,1.6460212695874687,-0.002047125297676256,1.2814256845048158
2020-08-14,0.0008470477902380528,-0.00047694278052928975,0.0013239905707673426,1.7590646954341163,1.6452362116263413,-0.000171931831992933,1.281205366639316
2020-08-17,0.00877145480431173,0.007692635357929485,0.0010788194463822445,1.7744942519079767,1.657892413880044,0.002709874438531212,1.2846772723128808
2020-08-18,0.010619801652858927,0.007610684666814174,0.003009116986044753,1.7933390288973776,1.6705101102535884,0.002303377597213663,1.2876363691615758
2020-08-19,-0.005772843776528613,-0.0044692905438511055,-0.0013035532326775073,1.7829863628452014,1.6630441152144244,-0.004404415625792857,1.2819650834169014
2020-08-20,0.009025828243749657,0.008922118969228053,0.0001037092745216038,1.79907929151719,1.6778819926614423,0.003158658903358758,1.2860143738414314
2020-08-21,0.009676108599786837,0.007907828533501202,0.0017682800662856355,1.8164873781215378,1.6911503957588585,0.003441135899761028,1.2904397240708658
2020-08-24,0.006558330527982289,0.007089752235433427,-0.0005314217074511374,1.828400502747167,1.703140233057644,0.01004368354743379,1.3034004922964715
2020-08-25,0.004945706370027048,0.006563461942324105,-0.0016177555722970563,1.8374432347605645,1.7143187291597588,0.003596325569466652,1.3080879448141727
2020-08-26,0.01969215384098387,0.020310858611378556,-0.0006187047703946867,1.8736264496135444,1.7491380144825608,0.01019566618848766,1.3214247728446828
2020-08-27,-0.00032565683175540464,-0.001084616489057188,0.0007589596573017833,1.87301629036007,1.747240870550416,0.001673024350840713,1.3236355486674563
2020-08-28,0.005800074133987845,0.005738449241461788,6.162489252605711e-05,1.8838799236983252,1.7572673235986773,0.006732576659826961,1.332547026468532
2020-08-31,0.006153427138439406,0.003982301645716031,0.0021711254927233754,1.8954722415463716,1.7642652921534074,-0.002194976639177226,1.3296221168748286
2020-09-01,0.013883983561821626,0.012417477922020194,0.0014665056398014322,1.9217889469898906,1.7861730174673092,0.00752504778148233,1.3396275868356273
2020-09-02,0.00835367377559706,0.009979010606815459,-0.0016253368312183995,1.9378429449185925,1.8039972569542229,0.01536585711652694,1.3602121129243014
2020-09-03,-0.04468237780043542,-0.04468237780043542,0.0,1.8512555143358318,1.723390369968045,-0.03512583639592948,1.312433524781961
2020-09-04,-0.011176107657939327,-0.011176107657939327,0.0,1.8305656834052608,1.7041295736566264,-0.008132999137496877,1.3017595040568872
2020-09-07,0.00027499036522906023,0.00027499036522906023,0.0,1.8310690713311162,1.7045981928704839,,
2020-09-08,-0.039199558002054824,-0.039199558002054824,0.0,1.7592919730637036,1.6377786971388595,-0.02775637883138404,1.2656273741149298
2020-09-09,0.026331971401157797,0.026331971401157797,0.0,1.8056175989847036,1.6809046389533455,0.02014502497118698,1.2911234691706928
2020-09-10,-0.01950605535199817,-0.01950605535199817,0.0,1.7703971221543662,1.6481168200244911,-0.01758479064184337,1.2684193332725555
2020-09-11,-0.0035940618126476627,-0.0035940618126476627,0.0,1.7640342054644098,1.642193386298859,0.0005330634075928486,1.2690954812046065
2020-09-14,0.014551067147821659,0.014551067147821659,0.0,1.7897027856391767,1.6660890525326024,0.01274180851668838,1.28526605281551
2020-09-15,0.012417225926820798,0.012417225926820798,0.0,1.8119259294703187,1.6867772567121024,0.005219385613883576,1.2919743519615883
2020-09-16,-0.013586806131103508,-0.013586806131103508,0.0,1.787307643142686,1.6638593411388005,-0.004618958014818264,1.2860067766736556
2020-09-17,-0.012760984584804366,-0.012760984584804366,0.0,1.7644998378602392,1.6426268577352456,-0.00841237162124231,1.2751884097608408
2020-09-18,-0.011694764977494788,-0.011694764977494788,0.0,1.743864426953636,1.6234167226883112,-0.01118257020384228,1.2609285258455643
2020-09-21,-0.0019043265283778448,-0.0019043265283778448,0.0,1.7405435396634938,1.6203252071566836,-0.01157112430598861,1.2463381651320382
2020-09-22,0.012827136197506642,0.012827136197506642,0.0,1.762869728704448,1.6411093392731357,0.0105179423722821,1.2594470781292728
2020-09-23,-0.02992576800838112,-0.02992576800838112,0.0,1.7101144981742409,1.5919978819096603,-0.02372141140135786,1.2295712158507301
2020-09-24,0.0064715499946273285,0.0064715499946273285,0.0,1.7211815896457126,1.6023005757937794,0.002987407782707008,1.2332444464703551
2020-09-25,0.018919300701120557,0.018919300701120557,0.0,1.7537451417014525,1.6326149822008005,0.0159767633116592,1.2529477010970302
2020-09-28,0.015538176996386797,0.015538176996386797,0.0,1.780995144119763,1.6579828427611893,0.0161105485590245,1.273133375877472
2020-09-29,-0.002807011714135837,-0.002807011714135837,0.0,1.7759958698873997,1.6533288654997225,-0.004812626805108078,1.2670062600662464
2020-09-30,0.008717918201079427,0.008717918201079427,0.0,1.791478856606533,1.6677424513086325,0.008253709372292528,1.2774637615097084
2020-10-01,0.010423917587235414,0.010489053047089148,-6.51354598537341e-05,1.8101530845670741,1.6852354903492912,0.005292893250074426,1.284225240830218
2020-10-02,-0.01989263851010895,-0.01963089474594436,-0.00026174376416458756,1.7741443636078227,1.6521528098161142,-0.009571699006152401,1.2719330233688875
2020-10-05,0.02016259182005547,0.020976188602714562,-0.0008135967826590935,1.8099157122410992,1.686808678755322,0.01797553487594228,1.2947966997903175
2020-10-06,-0.015456527175532475,-0.01721969262015585,0.0017631654446233734,1.7819407008494215,1.6577623517981441,-0.01398802451424774,1.2766850518126835
2020-10-07,0.019017361627205655,0.018765125132615447,0.0002522364945902085,1.8158285115557111,1.6888704697697754,0.01740579300495404,1.298906767557054
2020-10-08,0.006042294809169804,0.006301415099774558,-0.00025912029060475364,1.8268002827454268,1.6995127436495463,0.008007135650470065,1.309307290242197
2020-10-09,0.013269070393556718,0.013197542907739512,7.152748581720596e-05,1.8510402242921453,1.7219421360061113,0.008790685934612519,1.3208169994226147
2020-10-12,0.025094561495616695,0.02557740573269359,-0.00048284423707689594,1.8974912670315045,1.7659849486669608,0.01641871313410759,1.3425031148387874
2020-10-13,-0.005092079510954535,-0.004600582439587395,-0.0004914970713671401,1.887829090628438,1.7578603893235478,-0.006306907889152336,1.334036071352599
2020-10-14,-0.008659591842921253,-0.008493513507165129,-0.00016607833575612435,1.8714812612344027,1.7429299783631178,-0.006623138843883547,1.3252005652292818
2020-10-15,-0.004048671912187523,-0.005028254965023769,0.0009795830528362458,1.8639042476178578,1.7341660820457248,-0.001527802858969141,1.323175920017017
2020-10-16,-0.0038952372571191903,-0.0036556139920689065,-0.0002396232650502838,1.856643898348834,1.7278266402516271,0.0001349279714295548,1.3233544534597492
2020-10-19,-0.017467487014900723,-0.017672224883772153,0.00020473786887142964,1.824212995163131,1.6972920993049279,-0.01632982280893613,1.301744309721335
2020-10-20,0.00498851797746048,0.005697875218803009,-0.0007093572413425292,1.8333131144842192,1.7069630578966277,0.004727276971741246,1.307898015619776
2020-10-21,-0.0017657149260699083,-0.0016888435334882152,-7.687139258169312e-05,1.8300760061538146,1.7040802643743957,-0.002195682985199454,1.3050262862005035
2020-10-22,0.00104281303318552,0.0005159244379417423,0.0005268885952437776,1.8319844332647517,1.7049594410270008,0.005218945382994278,1.3118371471115557
2020-10-23,0.002371455083117364,0.0026466236281648256,-0.0002751685450474617,1.8363289020612092,1.7094718269686855,0.003445789621513429,1.3163574619381886
2020-10-26,-0.014917597653425799,-0.016071744086857197,0.0011541464334313984,1.808935286340903,1.6819976332419526,-0.01858953826264864,1.2918869845321657
2020-10-27,0.006386337777427613,0.004113662916317211,0.0022726748611104023,1.8204877580969836,1.6889168045311533,-0.003025607400241714,1.2879782417114891
2020-10-28,-0.03838509544513878,-0.03927177023071836,0.0008866747855795776,1.750608161745724,1.6225900518448069,-0.03528790685054317,1.2425281854924477
2020-10-29,0.014804399295531703,0.015711907008558616,-0.0009075077130269137,1.7765248639822246,1.6480840358524047,0.01194730711732994,1.2573730513264647
2020-10-30,-0.02169103768302448,-0.020827190835730112,-0.0008638468472943681,1.7379901962127562,1.6137590751243864,-0.01212950627018439,1.2421217370164395
2020-11-02,0.007981873373168347,0.007443133156167703,0.0005387402170006442,1.7518626138827342,1.6257704988025112,0.01231819349472163,1.2574224329170076
2020-11-03,0.018319454650160383,0.018492325900202344,-0.00017287125004196088,1.7839557815910705,1.6558347767053019,0.01779931364493215,1.2798036891846711
2020-11-04,0.03392799049542793,0.033982575853916376,-5.458535848844315e-05,1.844481816393156,1.7121043076062423,0.02204703843094435,1.30801957030419
2020-11-05,0.02588275106769316,0.023466327135450462,0.002416423932242697,1.8922220800957466,1.7522811073785445,0.01946019097181884,1.3334738809371858
2020-11-06,0.003917802293946427,0.0003209453400262621,0.003596856953920165,1.8996354321018016,1.7528434938343738,-0.0002877124015439048,1.3330902239645053
2020-11-09,-0.006045289124999049,-0.006700628012621822,0.0006553388876227731,1.8881515866826537,1.7410983416178452,0.01169987234430558,1.3486872094083318
2020-11-10,-0.012436749770043026,-0.010997991913351502,-0.0014387578566915239,1.8646691178711718,1.7219497561363823,-0.001399802844669673,1.3467993132160323
2020-11-11,0.02064686456358899,0.01660979542575151,0.004037069137837478,1.9031686886037646,1.7505509893192306,0.007651888434169196,1.357104871303977
2020-11-12,-0.009818096697962847,-0.006903709416107236,-0.002914387281855611,1.8844831943865177,1.7384656939708916,-0.009978559392721298,1.3435629197435188
2020-11-13,0.011891450274740251,0.010001980133108901,0.0018894701416313497,1.9068924325861487,1.7558537933040796,0.013610365817456,1.3618493025799974
2020-11-16,0.009761843261702327,0.010380830762746148,-0.0006189875010438207,1.925507217629981,1.7740810143764953,0.01164804819882015,1.3777121888959787
2020-11-17,0.00015743296594755772,-0.005009966625719178,0.005167399591666736,1.9258103559422057,1.765192927703147,-0.004791957892531062,1.3711102500987624
2020-11-18,-0.005058933199323956,-0.006640830312009271,0.0015818971126853156,1.916067809996928,1.7534705810023117,-0.01156383241031389,1.3552549609505569
2020-11-19,0.008139886810833198,0.005441211274603198,0.00269867553623,1.9316643850921837,1.7630115848973464,0.003946420613320845,1.3606033670647575
2020-11-20,-0.010713351946621045,-0.00926465763565797,-0.001448694310963075,1.9109697846919378,1.7466778861555738,-0.006792541326178791,1.351361412465432
2020-11-23,0.009994397091183833,0.004062125307564889,0.005932271783618944,1.930068775549403,1.75377311060109,0.00563591695385024,1.358977573160725
2020-11-24,0.02087553148320517,0.015220088156529121,0.005655443326676049,1.9703599870381359,1.7804656919509891,0.01616171780444375,1.3809409852007164
2020-11-25,0.013742344391141335,0.0035452558315759997,0.010197088559565335,1.9974373525545386,1.7867778983282996,-0.001584415512968174,1.3787530008812707
2020-11-26,0.0004782916652921863,0.0005299472224004605,-5.165555710827418e-05,1.9983927101922085,1.7877247963125653,,
2020-11-27,0.002603281403679841,0.005458837765077558,-0.002855556361397717,2.003595088771901,1.7974836959442417,0.002396925323378207,1.3820577688637667
2020-11-30,-0.0054837668991270325,-0.004350781173467095,-0.001132985725659938,1.9926078403448404,1.7896632377203134,-0.004595489713743794,1.3757065366031536
2020-12-01,0.01634671149033605,0.015687904722240367,0.0006588067680956822,2.025180425824339,1.817739304078566,0.01127116795476057,1.3912123560336698
2020-12-02,-0.00041649016861066345,4.789609643170436e-05,-0.00046438626504236784,2.0243369580873205,1.8178263666955619,0.0017911507324333,1.3937042270641498
2020-12-03,-0.0010321604821311714,-0.0025700526977422986,0.0015378922156111272,2.022247517476665,1.8131544571378087,-0.0006241465681479097,1.3928343513538144
2020-12-04,0.006942870592678591,0.006667092684896035,0.0002757779077825562,2.036287720296871,1.8252429259555787,0.008836235109307422,1.4051417631506964
2020-12-07,0.006339066581377847,0.0047378318189660274,0.0016012347624118194,2.0491958837346753,1.8338906199675136,-0.001935595492982056,1.402421977086941
2020-12-08,0.0025189118814905017,0.0020526741404891954,0.0004662377410013063,2.054357627593716,1.8376549998196066,0.002787137455443789,1.4063307199076176
2020-12-09,-0.015620329262393028,-0.014262294497249483,-0.001358034765143545,2.022267885027994,1.8114458230278363,-0.007949220068876994,1.3951514875254498
2020-12-10,0.001658979604969532,0.00012312806730008385,0.0015358515376694482,2.02562278620504,1.8116688628510447,-0.001285116068851844,1.3933585559303483
2020-12-11,-0.002320066020347582,-0.001221167328783879,-0.001098898691563703,2.020923207608724,1.809456512025156,-0.001264960061067022,1.3915960130063505
2020-12-14,0.0012919692337428474,0.0008919717985333594,0.00039999743520948794,2.023534178216711,1.811070496204555,-0.004359266922526861,1.3855296745373316
2020-12-15,0.011852886192865359,0.011812830135636486,4.00560572288728e-05,2.047518898538487,1.8324643643398821,0.01292121431450122,1.4034324004011296
2020-12-16,0.0035118754350230643,0.0041904934735455595,-0.0006786180385224953,2.0547095298610096,1.8401432942991531,0.001772848087218781,1.4059204728477217
2020-12-17,0.005580126324747448,0.004878884363375075,0.0007012419613723732,2.0661750685982967,1.8491211406440788,0.005757638800703457,1.414015255112893
2020-12-18,-0.000706662023199984,-0.0022570063060962705,0.0015503442828962866,2.0647149811440357,1.8449476625689092,-0.003511100126797229,1.409050505971373
2020-12-21,-0.002432114789427512,-0.0005224661348297993,-0.0019096486545977127,2.059693357302443,1.8439837398946837,-0.003906281591951277,1.4035463579177674
2020-12-22,-0.0008869740255060659,-0.0007050453317128109,-0.00018192869379325498,2.057866462794008,1.8426836477671167,-0.002073116603336422,1.4006366426596157
2020-12-23,-0.0003883515366065947,-0.0014740510979567704,0.0010856995613501756,2.057067287191051,1.8399674379129387,0.0007458112528002658,1.4016812532287957
2020-12-24,0.0065489548471496335,0.0063364678142454325,0.00021248703290420098,2.0705389279724136,1.8516263323625337,0.003536575781637463,1.4066384052025398
2020-12-25,0.0,0.0,0.0,2.0705389279724136,1.8516263323625337,,
2020-12-28,0.014354002546655793,0.014823165491510299,-0.0004691629448545058,2.1002594490174795,1.8790732959155818,0.008722515973276224,1.4189078311605428
2020-12-29,-0.0011941740176736222,-0.0011194581541804228,-7.471586349319941e-05,2.0977513737530895,1.8769697519921664,-0.002227362289043189,1.4157474093657878
2020-12-30,0.002111973306948091,0.0012323834161852832,0.000879589890762808,2.1021817686590696,1.8792828983872032,0.001341547179531277,1.4176467013097511
2020-12-31,0.004028506470373795,0.0034612489974635893,0.0005672574729102056,2.1106504215160142,1.8857875644351965,0.00643883774021714,1.4267746983924388
2021-01-01,0.0,0.0,0.0,2.1106504215160142,1.8857875644351965,,
2021-01-04,-0.009307165358960034,-0.010212240589956833,0.0009050752309967981,2.091006249028006,1.8665294481256356,-0.01475478359029514,1.4057229464855496
2021-01-05,0.007638259428661726,0.007224603655387302,0.0004136557732744234,2.106977897225035,1.8800143835994523,0.007082539553862066,1.415679034855805
2021-01-06,-0.005959468455035219,-0.006008391126551314,4.892267151609519e-05,2.094421428911066,1.8687185218592446,0.005709900559720538,1.4237624213693127
2021-01-07,0.025585111594743505,0.02261524279472735,0.0029698688000161545,2.1480074348961775,1.9109800449460952,0.01484736429268918,1.4449015407056243
2021-01-08,0.011241943176071757,0.008827588966343005,0.0024143542097287522,2.17215521242106,1.9278493913057628,0.005491890982414871,1.4528367824475028
2021-01-11,-0.013283903336478322,-0.010022987564232323,-0.0032609157722459994,2.143300512547431,1.9085265808309921,-0.006554796741165214,1.443313732640471
2021-01-12,0.0021942763412467247,-0.0003667797162213101,0.0025610560574680346,2.148003506154296,1.907826571993274,0.0004158321511944507,1.4439139088947635
2021-01-13,0.004601005375742319,0.0048918126210968855,-0.0002908072453545662,2.1578864818332253,1.9171593020970148,0.002275603166376872,1.44719968395782
2021-01-14,-0.006009568029184267,-0.006189273520320213,0.00017970549113594577,2.1449185162213915,1.9052934787943103,-0.003753438464607517,1.441767708998085
2021-01-15,-0.00872707315654998,-0.008212981688033211,-0.0005140914685167683,2.1261996554154887,1.8896453383426437,-0.00719001775768402,1.4314013735679334
2021-01-18,-0.0007682673626178283,-0.0008411828248537228,7.291546223589442e-05,2.1245661656138237,1.888055801138965,,
2021-01-19,0.01417841872531552,0.013081135700466142,0.001097283024849377,2.154689154319535,1.912753715283716,0.008136402839514334,1.4430478317683162
2021-01-20,0.0236959319398088,0.02139857320986517,0.002297358729943629,2.2057465218717347,1.9536839156926562,0.01393557625740027,1.4631575348709998
2021-01-21,0.0069578585460651175,0.007778308821768519,-0.0008204502757034014,2.221093794159393,1.9688802725290355,0.0003167309215053038,1.4636209621053269
2021-01-22,-0.0009812183265458599,-0.001990389854498713,0.0010091715279528532,2.2189144162235865,1.964961433209871,-0.003010586363601075,1.4592146047953318
2021-01-25,0.010896266208581607,0.009393464030487427,0.0015028021780941793,2.2430922983968182,1.9834192277540228,0.003615803325289546,1.4644908378156618
2021-01-26,0.0005599334806992051,0.00044274707940667596,0.00011718640129252918,2.244348280874989,1.9842973808243498,-0.001488836321381193,1.462310450663992
2021-01-27,-0.025701959697748897,-0.02495080844062118,-0.0007511512571277169,2.186664131812228,1.9347875569861752,-0.02567785911336706,1.4247614489318376
2021-01-28,0.0013510438644532253,0.003283885724796817,-0.0019328418603435918,2.189618410971133,1.9411411782250765,0.009760662477304782,1.438668064545537
2021-01-29,-0.022403818850565305,-0.022654832557749863,0.00025101370718455876,2.140562596739873,1.897164949861434,-0.01931150293870709,1.4108852219892418
2021-02-01,0.02223212465720268,0.021616191139352398,0.0006159335178502826,2.1881518512271394,1.9381744300405188,0.01605173602136656,1.4335323791290604
2021-02-02,0.013337522786548307,0.013802323799174426,-0.0004648010126261197,2.217336376403309,1.9649257411032184,0.01389823681853586,1.4534559516212353
2021-02-03,0.0031166113558872416,0.0021047856577218796,0.001011825698165362,2.224246952133829,1.969061488621581,0.001008804827627774,1.4549222050019752
2021-02-04,0.008686697692305465,0.008817051740555469,-0.00013035404825000388,2.2435683130000474,1.9864228056470925,0.01085330416143404,1.470712918224086
2021-02-05,0.003498275866642044,0.0029491193325391894,0.0005491565341028547,2.251416933884578,1.9922810035458232,0.003897472454245321,1.476444981310967
2021-02-08,0.005039358427293238,0.005321584244364208,-0.00028222581707097044,2.2627626307837,2.0028830947446385,0.007399345996609075,1.4873697085726438
2021-02-09,-0.0019661644813795095,-0.001971866011689989,5.7015303104794406e-06,2.25831366726926,1.998933677644723,-0.00111349758273982,1.4857135259975078
2021-02-10,-0.002568282010628836,-0.002662756135046832,9.447412441799564e-05,2.252513680903255,1.993611004731023,-0.0003451599624669788,1.4852007171726378
2021-02-11,0.002093221815841043,0.0037459133715345167,-0.0016526915556934738,2.2572286916806026,2.0010788988512833,0.00166245511371188,1.48766979669979
2021-02-12,0.002634536171864263,0.0024422107610980654,0.00019232541076619767,2.263175442317005,2.005965955271864,0.004710983101741784,1.4946781839730143
2021-02-15,0.0009362184600633621,0.0009711200427702305,-3.490158270686838e-05,2.2652942689444644,2.0079139890161435,,
2021-02-16,-0.0034591228744252525,-0.000603431155205596,-0.0028556917192196565,2.257458337721454,2.0067023511581983,-0.0005692749114954987,1.4938273011821188
2021-02-17,-0.003731997830832036,-0.0023425618520511384,-0.0013894359787808975,2.249033508101884,2.0020015267819535,-0.0003203995331321208,1.4933486796122402
2021-02-18,-0.007175239031674978,-0.005618815774694679,-0.0015564232569802985,2.2328961550910065,1.9907526490223082,-0.004415808390544673,1.4867543379827997
2021-02-19,-0.002529588379067672,-0.0036596963425702994,0.0011301079635026275,2.2272478469254233,1.983467098833719,-0.001854894135621787,1.483996566080165
2021-02-22,-0.018305163226943637,-0.015534315137647716,-0.0027708480892959207,2.1864777115405944,1.9526552958552803,-0.007732849379657014,1.472521044154739
2021-02-23,-0.0008140987721343302,-0.0006585923832750257,-0.00015550638885930448,2.1846977027203303,1.9513692919502683,0.001256287888559138,1.474370954508159
2021-02-24,0.008619122620747295,0.009902933995875765,-0.0012838113751284692,2.2035278801093416,1.9706935732500308,0.01135166191319037,1.4911075151183633
2021-02-25,-0.027624411273890093,-0.02664271360152049,-0.000981697672369601,2.142656719695718,1.9181889487815733,-0.02447884690339652,1.4546069225392768
2021-02-26,-0.001422127552090849,-0.0022232857292806434,0.0008011581771897945,2.139609588539966,1.9139242666656833,-0.004750165824920272,1.4476972984471383
2021-03-01,0.026334343435631527,0.02534861206111859,0.0009857313745129381,2.195954802262748,1.9624395904157526,0.02379071933668309,1.4821390585589684
2021-03-02,-0.013764396531503591,-0.012566067039961791,-0.0011983294915418,2.1657288095991443,1.9377794429607131,-0.008080844323930969,1.4701621235603357
2021-03-03,-0.02163913711837132,-0.019166947372943968,-0.0024721897454273514,2.1188643069270214,1.9006381263571124,-0.01306620434127681,1.450952684839091
2021-03-04,-0.01166645205107709,-0.013196508975371234,0.0015300569242941448,2.0941446780875186,1.875556338263708,-0.01341721382719152,1.4314849424134672
2021-03-05,0.014835043789722266,0.01768342513199688,-0.0028483813422746154,2.125211406088961,1.9087225983522362,0.01949597582042584,1.4593931382380638
2021-03-08,-0.019727974649914364,-0.01797406634559648,-0.0017539083043178853,2.083285289343929,1.8744150917341138,-0.005359271617984662,1.451571854012823
2021-03-09,0.02867548520876992,0.02630376810629191,0.0023717171024780076,2.1430245058441586,1.9237192716420217,0.01415468355424143,1.4721183942626181
2021-03-10,0.000893094825137762,0.0011260617305950764,-0.0002329669054573144,2.1449384299404715,1.925885498294226,0.006030283013025661,1.4809956848087027
2021-03-11,0.02034859883436347,0.017223220168525604,0.0031253786658378656,2.1885849215757394,1.959055448250718,0.01039547964635368,1.4963913453064692
2021-03-12,-0.003808773258321476,-0.003511585335832013,-0.00029718792248946283,2.180249097852876,1.952176057866559,0.001015398518533495,1.4979107788616397
2021-03-15,0.005466021743527644,0.004902810633722608,0.0005632111098050358,2.1921663868280463,1.9617472074019657,0.006491958593476621,1.5076351536147319
2021-03-16,0.002196376584929864,0.004201397257599608,-0.0020050206726697443,2.1969812097503456,1.9699892867392481,-0.001569688632229282,1.5052686358525535
2021-03-17,0.0023552680166576967,0.001771051057197157,0.0005842169594605397,2.2021556893268683,1.9734782383481946,0.002879342672060137,1.5096028200686775
2021-03-18,-0.0240155469621483,-0.02114632135957734,-0.0028692256025709614,2.1492697159518768,1.931746433323951,-0.01476050043783272,1.4873203269821003
2021-03-19,0.002697914828329586,-0.00016412893155666255,0.0028620437598862484,2.155068262588623,1.931429377845811,-0.0006027388863633076,1.4864238611845495
2021-03-22,0.012594645379683297,0.011789010535857005,0.0008056348438262913,2.1822105831249368,1.9541990191304988,0.007025120748255897,1.4968661682924598
2021-03-23,-0.004296147405685938,-0.0037704534822045246,-0.0005256939234814136,2.172835484789584,1.9468308026338976,-0.007630837006641134,1.4854438265414645
2021-03-24,-0.014393517017700943,-0.011298299247826011,-0.003095217769874932,2.1415607402626007,1.9248349256408546,-0.005467303581109473,1.4773224541890773
2021-03-25,0.0016462924399308822,0.001104615811289309,0.0005416766286415733,2.145086375518948,1.9269611287338393,0.00524023305923671,1.4850639681526716
2021-03-26,0.013872390915734452,0.014587802507931106,-0.0007154115921966537,2.174843852268163,1.9550712571202686,0.01663119769178834,1.5097623605919703
2021-03-29,0.0005158567350589811,0.0010495043931229866,-0.0005336476580640055,2.175965760117057,1.9571231129934847,-0.0008680249789911887,1.5084518491506358
2021-03-30,-0.003242473319997586,-0.003933995863344779,0.0006915225433471932,2.1689102491946493,1.949423798762912,-0.003157823166939022,1.5036884249551759
2021-03-31,0.012385815595384524,0.010326816339843238,0.0020589992555412866,2.1957739715841136,1.9695551403012563,0.003622538555784205,1.5091355942504625
2021-04-01,0.014837775128695321,0.016764666279769226,-0.0019268911510739051,2.228354372007921,2.002574074948011,0.01182514491969333,1.5269813413559417
2021-04-02,0.0005641158689004708,0.0005651931459765925,-1.0772770761217475e-06,2.2296114220707044,2.003705916089482,,
2021-04-05,0.020325658324897477,0.019517390948839024,0.0008082673760584531,2.2749297420330024,2.0428130278003023,0.01443827785475649,1.5490283222414676
2021-04-06,-0.0031020182151733507,-0.0028043509360470226,-0.0002976672791263281,2.2678728685349765,2.0370842631736212,-0.0009735379152555623,1.5475202844379607
2021-04-07,0.00425170459053091,0.005094494625439885,-0.0008427900349089754,2.277515194020867,2.0474621780039275,0.001475230366672076,1.5498032333546046
2021-04-08,0.008035936722654896,0.007951903623968698,8.403309868619882e-05,2.2958171620049037,2.063743399917136,0.004220639958823158,1.5563443948096143
2021-04-09,0.008037406668861238,0.007918472588608607,0.00011893408025263029,2.3142695781732883,2.0800850954593018,0.007719962803593772,1.5683593156471263
2021-04-12,-0.0025418255606531777,-0.001979747786912147,-0.0005620777737410307,2.3083871086052454,2.0759670515949775,-0.000196182910288778,1.568051630352204
2021-04-13,0.01111874853219401,0.007477851146275647,0.003640897385918364,2.3340534843807856,2.0914908241913777,0.00329458162447116,1.5732177044397846
2021-04-14,-0.011273848197930288,-0.008959847387768357,-0.0023140008101619307,2.307739719712026,2.072751385593705,-0.004087802027723741,1.5667867019175248
2021-04-15,0.01223523785156842,0.012927591309084132,-0.0006923534575157125,2.335975464082215,2.099547068391998,0.01109424776830092,1.5841690217886768
2021-04-16,0.002139599183391624,0.0023879430003911324,-0.00024834381699950824,2.340973515277588,2.104560667117956,0.003608749238685816,1.5898858905400064
2021-04-19,-0.006785891180268481,-0.006430086478429355,-0.00035580470183912624,2.3250879237470237,2.091028160029287,-0.005306453038726788,1.5814492357249215
2021-04-20,-0.004870759845502668,-0.005957127237246708,0.0010863673917440395,2.3137629788507734,2.0785716392233264,-0.006802361610853236,1.570691646154313
2021-04-21,0.0070843323881344695,0.006677810127428991,0.00040652226070547835,2.3301544448603124,2.0924519459663187,0.009306060063749566,1.5853085969550547
2021-04-22,-0.01335170537257344,-0.013213236015998152,-0.0001384693565752871,2.299042909239945,2.064803884552131,-0.009210671343885979,1.5707068404898648
2021-04-23,0.01275304029814032,0.012713262991640523,3.9777306499797285e-05,2.328362696108636,2.091054279362603,0.01092871065881829,1.587872641079405
2021-04-26,0.005474558527867327,0.004149449086160507,0.00132510944170682,2.3411094539625856,2.099731002631216,0.001782224167916624,1.5907025860759103
2021-04-27,-0.0024473760898788767,-0.0022405877954756884,-0.0002067882944031883,2.3353798786611684,2.0950263709729384,-0.0002149192142553158,1.590360713525997
2021-04-28,-0.0004623068209623273,-0.0008347691969291938,0.0003724623759668665,2.334300216613725,2.093277507491696,-0.0008455306301830001,1.589016014829671
2021-04-29,0.005832765335056213,0.006705875212249376,-0.0008731098771931631,2.347915641998804,2.1073147652415436,0.006762797680233579,1.5997622086486152
2021-04-30,-0.008572954790106708,-0.007373390669326995,-0.0011995641207797128,2.327787067348964,2.0917767102141767,-0.007194637501869883,1.5882524994681977
2021-05-03,-0.0012887339834982423,-0.0015388093850258677,0.0002500754015276254,2.3247871690489235,2.0885578645811207,0.002748034641021579,1.5926170723554254
2021-05-04,-0.011331439979102189,-0.010955488990255079,-0.00037595098884711,2.2984439827786587,2.0656766918901917,-0.006678337857112138,1.5819810374692311
2021-05-05,-0.0010719071708082848,-0.0005439484449106385,-0.0005279587258976463,2.295980264191817,2.0645530702659496,0.0007035388242977447,1.5830940225483936
2021-05-06,0.009041697493638224,0.010201741030580743,-0.0011600435369425195,2.316739823192003,2.0856151060326935,0.008165390549454088,1.5960206035190074
2021-05-07,0.0041125924196347115,0.005031092752183036,-0.0009185003325483249,2.3262676298271288,2.096108029076498,0.007373346471123199,1.6077886164038042
2021-05-10,-0.018173668122630507,-0.018835635483476377,0.00066196736084587,2.283990813958232,2.056626502306825,-0.01043566602088553,1.5910102713708325
2021-05-11,-0.003996164216977416,-0.0062795742238715285,0.0022834100068941125,2.274863611595587,2.0437117635348083,-0.008673894514173552,1.5772100161059952
2021-05-12,-0.02410822669835692,-0.023868941558421862,-0.00023928513993505887,2.2200206839393974,1.9949305268887367,-0.02144938705715194,1.543379828000121
2021-05-13,0.009333065312527491,0.0102775823819245,-0.0009445170693970079,2.2407402819777658,2.0154335897250517,0.01217315113806405,1.5621676239098057
2021-05-14,0.019941933134315044,0.018607642898382924,0.0013342902359321195,2.285424974852333,2.052936058248062,0.01491793313069922,1.5854719360622354
2021-05-17,-0.0006473114662098432,-0.00267611816550061,0.002028806699290767,2.2839455930609485,2.047442158769973,-0.002530038214118902,1.5814606314765849
2021-05-18,-0.006827658224538829,-0.007886879192725568,0.0010592209681867387,2.2683515931480867,2.031294229809661,-0.008517302421882755,1.567990853009997
2021-05-19,-0.0016361742591931142,-0.00044241239225772873,-0.0011937618669353855,2.264640174660578,2.0303955600700716,-0.002943435170537412,1.5633755735861665
2021-05-20,0.011177276164984158,0.012256385192134022,-0.001079109027149864,2.289952683307077,2.055280870146689,0.01055475644364945,1.5798766219953193
2021-05-21,-0.004111462962048606,-0.003879542710183155,-0.00023192025186545128,2.2805376276648164,2.0473073202295327,-0.0007838196541576359,1.5786382836478552
2021-05-24,0.013602294300721756,0.014494904021881616,-0.0008926097211598601,2.3115581716401827,2.076982843339555,0.009911305963146155,1.594284650682225
2021-05-25,2.234269232243206e-05,6.309324333202387e-05,-4.075055100959181e-05,2.3116098180731974,2.0771138869234864,-0.002125302295660103,1.5908963138541945
2021-05-26,0.004205887693941348,0.002167519861984756,0.0020383678319565923,2.3213321893602252,2.0816160725289974,0.001876732575158746,1.5938820007901047
2021-05-27,-0.000632344603728645,-0.0016123386499003387,0.0009799940461716937,2.3198643074768217,2.0782598024810053,0.001165398392274586,1.5957395083113008
2021-05-28,0.0014701990367727345,0.0005628210965371042,0.0009073779402356304,2.3232749697471173,2.079429490941927,0.0007688865190149663,1.5969664509071009
2021-05-31,0.0001756258703493662,0.00017942333355023735,-3.7974632008711505e-06,2.32368299693574,2.0798025891130743,,
2021-06-01,0.0012994018850047747,-0.00011011817548730762,0.0014095200604920823,2.326702395002112,2.079573565046587,-0.0004923753184382651,1.5961801440423002
2021-06-02,0.004094221315972092,0.002008476729997917,0.0020857445859741746,2.336228429543653,2.083750340160302,0.001446916259721487,1.5984896830461597
2021-06-03,-0.006762521703003167,-0.00651682168109654,-0.0002457000219066264,2.320429634085691,2.070170910765553,-0.003628698801364849,1.592689245449296
2021-06-04,0.01147618551031832,0.012965430488310064,-0.0014892449779917438,2.3470593150300982,2.097011567808005,0.00883408659980689,1.6067592001701763
2021-06-07,0.0017718864792740613,0.0013156987154920325,0.00045618776378202877,2.351218037696454,2.0997706032341417,-0.0007967110255822085,1.605479077399945
2021-06-08,0.0004653714255756856,-0.00034979018371353304,0.0008151616092892187,2.3523122273864967,2.0990361240890802,0.0001750849398558518,1.6057601726076514
2021-06-09,-0.0009622234098719919,-0.0006744265827722522,-0.0002877968270997397,2.3500487774939773,2.0976204783287953,-0.001823876458982854,1.60283146443006
2021-06-10,0.005318675887334661,0.005736292279348197,-0.0004176163920135362,2.3625479252608947,2.1096530424836355,0.004652154850635748,1.61028808460206
2021-06-11,0.001958372358762695,0.0012688556788054218,0.000689516679957273,2.367174673813978,2.1123298877269,0.001948490038167661,1.6134257148934872
2021-06-14,0.00626286910902992,0.007062712293685789,-0.0007998431846558685,2.381999978954285,2.1272486659932683,0.001815211044770448,1.6163544230710785
2021-06-15,-0.005757745521070341,-0.004867418005321526,-0.000890327515748815,2.3682850292442716,2.1168944575346167,-0.002011679964278423,1.6131028352630135
2021-06-16,-0.0027419442973783507,-0.0039126627050115395,0.0011707184076331888,2.361791323613769,2.1086117635401753,-0.005390207201542929,1.6044078767435495
2021-06-17,0.006221012846181155,0.006536245895156221,-0.000315233048975066,2.3764840577779696,2.122394168524093,-0.0004356370007340127,1.6037089373081708
2021-06-18,-0.01141824526784302,-0.011858085672985696,0.000439840405142675,2.349348779931142,2.0972266366418886,-0.01312454700061105,1.5826609839851697
2021-06-21,0.009819533747887023,0.00925417369130937,0.0005653600565776531,2.372418289561233,2.116634736207413,0.01400232812106239,1.6048219223873335
2021-06-22,0.008612099600901462,0.008113201270330963,0.0004988983305704991,2.392849792165934,2.1338074198380377,0.005124515064653945,1.6130458565046943
2021-06-23,0.0026980150153339422,0.0012183940006140358,0.0014796210147199065,2.3993057368346364,2.136407237996834,-0.001083260331006586,1.6112985079162483
2021-06-24,0.0037821116210048455,0.005327462399842746,-0.0015453507788379009,2.4083801789442623,2.147788867228014,0.005811157422250579,1.620662017199987
2021-06-25,-0.0006077805790152554,-0.0006037580255514448,-4.022553463810599e-06,2.4069164122446147,2.1464921224622353,0.003330606657931945,1.6260598049047308
2021-06-28,0.0077680672755144325,0.008691254714124358,-0.0009231874386099251,2.4256135008614708,2.1651478322404163,0.002315041932394291,1.629824201537666
2021-06-29,-7.687460054755405e-05,0.0007714479030314345,-0.0008483225035789886,2.4254270327925096,2.166818130995351,0.0002773498406987152,1.6302762330203295
2021-06-30,0.0007880159563526073,0.0006538182974903128,0.00013419765886229455,2.4273383079953192,2.1682348363367296,0.001328114078009257,1.6324414258364477
2021-07-01,0.0016548843225227625,0.0024351771345309057,-0.0007802928120081432,2.43135527210668,2.1735148722324706,0.005221640488656032,1.6409654480809546
2021-07-02,0.01084013613204673,0.011794457306138241,-0.0009543211740915113,2.4577114942416856,2.199150300597273,0.007500104168113531,1.6532728598778368
2021-07-05,0.00012136388003058165,0.0001207326048788575,6.312751517241466e-07,2.4580097716446225,2.199415809741584,,
2021-07-06,0.0028737790578580317,0.004475155720604663,-0.0016013766627466317,2.4650735486503854,2.2092585379845375,-0.002021900862524517,1.6499301060564615
2021-07-07,-0.00019649734138537674,0.0022886683293282216,-0.0024851656707135985,2.4645891682517562,2.2143147980317206,0.003359011313352811,1.6554722399489465
2021-07-08,-0.008666833267141183,-0.007525645606007854,-0.0011411876611333287,2.443228984858516,2.197650649601595,-0.00856101125941644,1.6412997234630922
2021-07-09,0.009746342158884308,0.008692367514728625,0.0010539746441556828,2.467041530517451,2.216753436716914,0.01127795187024705,1.6598102227489586
2021-07-12,0.0028638561269450085,0.004686584115179589,-0.0018227279882345802,2.474106782520051,2.2271424381607012,0.00345115629755921,1.6655384872519519
2021-07-13,-0.0015889969907677646,-0.00028311553600574144,-0.0013058814547620232,2.4701754342877886,2.22651189953556,-0.003516830382495284,1.6596810708967689
2021-07-14,0.0012404187383935686,0.0032077309644097884,-0.0019673122260162198,2.4732394861835987,2.2336539506983275,0.001164970326443582,1.6616145500957238
2021-07-15,-0.00701909048330703,-0.00700033934384575,-1.875113946128021e-05,2.455879594443188,2.2180176150667177,-0.003262236243513295,1.6561939708876525
2021-07-16,-0.010182080285219405,-0.0088621038887605,-0.0013199763964589044,2.4308736312417354,2.1983613125348955,-0.007538938952254881,1.6437080256480379
2021-07-19,-0.014698880944884042,-0.014203072662738247,-0.0004958082821457949,2.3951425091440552,2.1671378270740096,-0.01586953105501065,1.617623150089646
2021-07-20,0.013842071690314966,0.013268025703985331,0.0005740459863296347,2.428296243464148,2.1958914674677064,0.01516265155019747,1.6421506062539881
2021-07-21,0.009908936513576678,0.00668284701824151,0.0032260894953351675,2.452358076776791,2.2105662742134546,0.008241847210077813,1.6556849606466701
2021-07-22,0.004401392301280134,0.005730466826052403,-0.0013290745247722686,2.463151866735899,2.2232338509146254,0.00201666096923625,1.6590239158841578
2021-07-23,0.010785234595830322,0.010918810940320977,-0.00013357634449065459,2.489717537463803,2.2475089210088837,0.01014543855953565,1.6758554410915607
2021-07-26,0.003445991427651264,0.0029096583250596358,0.0005363331025916283,2.498297082755176,2.254048404051543,0.002382253008416102,1.6798477527577715
2021-07-27,-0.009234960580361608,-0.008895843152160427,-0.000339117428201181,2.4752254076778994,2.233996742991723,-0.004712479931257563,1.6719315039353324
2021-07-28,0.004297319712163247,0.0023046782620728817,0.001992641450090365,2.4858622426143606,2.2391453867228375,-0.00018630181803303,1.6716200200565225
2021-07-29,0.0030380683116494602,0.0022394139395813663,0.000798654372068094,2.493414461920773,2.244159760114614,0.004206206369982368,1.6786511988330743
2021-07-30,-0.008834759115894132,-0.008083461672468992,-0.0007512974434251401,2.4713857457736164,2.2260191807068304,-0.005406016994218166,1.669576381924818
2021-08-02,-0.00281647705056383,-0.0005434131106438803,-0.0022730639399199497,2.4644251445375542,2.2248095326994894,-0.001842894390775562,1.6664995289755973
2021-08-03,0.009057717626534078,0.008639834409768777,0.000417883216765301,2.4867472116085056,2.2440315186552877,0.008203484714484954,1.680170632388245
2021-08-04,-0.002873935298547518,-0.0002109377264398753,-0.002662997572107643,2.4796004610184994,2.243558167748683,-0.00463244520307915,1.6723873340018836
2021-08-05,0.006288701787876507,0.0061033919418730185,0.00018530984600348844,2.495193928870926,2.2572514825908434,0.006005460335342772,1.6824307898015616
2021-08-06,0.00019669263729397995,-0.0014647357286135712,0.0016614283659075512,2.4956847151453556,2.2539452056958265,0.001675283917725867,1.685249339046403
2021-08-09,0.0007060305819186584,-6.55862417326253e-05,0.0007716168236512837,2.497446744877075,2.253797377900714,-0.000939925887858073,1.6836653295651376
2021-08-10,-0.00011100230699518636,-0.0024568380065086532,0.002345835699513467,2.497169522526796,2.2482601628437178,0.000992701388653705,1.685336706475825
2021-08-11,-0.0009433404198682187,-0.0007767861037764679,-0.00016655431609175083,2.4948138415809336,2.2465137455915465,0.002468022764410938,1.6894961558331045
2021-08-12,0.004452084735419756,0.005029298512101076,-0.00057721377668132,2.50592096420275,2.2578121338296646,0.002952087595835984,1.694483696477952
2021-08-13,-2.2888527225387278e-05,0.0017034713281597767,-0.001726359855385164,2.505863607362536,2.2616582520640147,0.001607324197514748,1.6972072811255952
2021-08-16,0.0010912519517787427,0.0025183601084274054,-0.0014271081566486626,2.5085981359149616,2.2673539219849084,0.002620859444941726,1.7016554228583571
2021-08-17,-0.009789553080363089,-0.009254462640961178,-0.0005350904394019109,2.484040081306122,2.246370779820062,-0.007060724912996585,1.6896405020208454
2021-08-18,-0.010759003634544335,-0.010008990324409207,-0.0007500133101351284,2.4573142850429956,2.2238868764198076,-0.01074845776155098,1.6714794724526685
2021-08-19,0.0009221204569672253,0.003566777808853142,-0.002644657351885917,2.4595802248144314,2.2318189867800213,0.001256741063616396,1.6735800893426915
2021-08-20,0.008554519054486598,0.00874865440959681,-0.00019413535511021186,2.480620750713645,2.251344399800136,0.008141540696354754,1.687205609748684
2021-08-23,0.012523438545849905,0.011746069174813252,0.0007773693710366528,2.5116866522407677,2.277788846856517,0.008523820995256282,1.7015870483483742
2021-08-24,0.003612163379676502,0.0021302565670446474,0.0014819068126318545,2.520759274787214,2.282641121505874,0.001495692628467715,1.704132099553285
2021-08-25,0.002258183978488183,0.0020799431639992186,0.0001782408144889642,2.5264516129951637,2.287388885302414,0.002220126921713694,1.7079154891056596
2021-08-26,-0.004881429548719756,-0.004485678687565325,-0.000395750861154431,2.5141189174380787,2.277128393729439,-0.005824931775569864,1.6979669979031802
2021-08-27,0.010815625099619227,0.008972328098120597,0.00184329700149863,2.5413106851049494,2.2975595367995263,0.008807606263982137,1.712922022669947
2021-08-30,0.007330298027850678,0.00920501568556943,-0.0018747176577187516,2.55993924980813,2.3187086083742954,0.00430658828173347,1.7202988725803006
2021-08-31,-0.0028528586743800585,-0.0019004686879974446,-0.0009523899863826139,2.552636104913429,2.31430197526749,-0.001349146239944865,1.7179779378247775
2021-09-01,-0.0008741915509896468,0.0012196557344452423,-0.002093847285434889,2.5504046119977626,2.3171246269428627,0.0003117620525883158,1.7185135381529753
2021-09-02,0.0013623257536626641,-0.0007622406056224592,0.0021245663592851234,2.553879093882947,2.315358420463919,0.002842560603347755,1.7233985170328487
2021-09-03,0.0022613818160796316,0.0028994875578526634,-0.0006381057417730318,2.55965438962632,2.322071773396024,-0.000335026835208585,1.722821132281884
2021-09-06,0.00014585174280936383,0.00013809839935144936,7.753343457914472e-06,2.560027719680037,2.3223924477911093,,
2021-09-07,0.001085128619639422,0.0016519599342588532,-0.0005668313146194313,2.562805679025732,2.3262289470664856,-0.003395488410139813,1.716971313094477
2021-09-08,-0.00565882004266245,-0.0031196642722401834,-0.0025391557704222668,2.548303222883812,2.3189718937312715,-0.001318575319190329,1.7147073570972728
2021-09-09,-0.004919963598271675,-0.005975820774049979,0.0010558571757783046,2.5357656637898653,2.305114133314274,-0.004605599824548556,1.7068101011942736
2021-09-10,-0.007839216384720009,-0.009342390458840487,0.0015031740741204783,2.5158872480504737,2.2835788570286604,-0.007722643592208756,1.6936290151031683
2021-09-13,0.00446573429502002,0.003494286609608294,0.0009714476854117264,2.5271225320164965,2.2915583360507603,0.002276509561340179,1.6974845777494139
2021-09-14,-0.003957246731436694,-0.003348668813951881,-0.0006085779174848133,2.517122084636734,2.2838846661154757,-0.00574659914561837,1.6877298143252186
2021-09-15,0.009812314991139715,0.00714273076217253,0.0026695842289671846,2.5418208794023442,2.3001978393773928,0.008473908688851006,1.702031482663262
2021-09-16,-0.003392101323954135,-0.0009118785080216086,-0.002480222815932526,2.5331987654320693,2.298100338403467,-0.001551096926819429,1.6993914668611532
2021-09-17,-0.011930930009990159,-0.01088353200299015,-0.0010473980070000097,2.502975348260306,2.27308888982437,-0.009110924839340617,1.6839084389339645
2021-09-20,-0.020998289745737673,-0.020242116146595705,-0.0007561735991419676,2.4504171466710973,2.227076760505009,-0.01697725462949395,1.6553202965934288
2021-09-21,0.0001018447179302356,0.0013184065607907069,-0.0012165618428604712,2.4506667087142113,2.2300129531174435,-0.0008123495489623656,1.653975597897103
2021-09-22,0.011241532002233877,0.009369050053736835,0.0018724819484970418,2.4782159569470315,2.2509060560956824,0.009519566210937302,1.669720728112559
2021-09-23,0.011477576656094744,0.010640522356194518,0.0008370542999002265,2.5066598705632486,2.274856872307262,0.01213475170851108,1.6899823745707592
2021-09-24,0.0027975168394821816,0.003709093386945383,-0.0009115765474632014,2.5136722937620037,2.2832945288885846,0.001461009040274464,1.6924514540979116
2021-09-27,-0.0031386097479980633,-0.003872089095279548,0.0007334793472814848,2.50578285739753,2.2744534090419637,-0.002776356307289007,1.6877526058285464
2021-09-28,-0.024220622536696917,-0.02433027705653461,0.00010965451983769442,2.4450912366495787,2.2191153274477933,-0.02036411432532603,1.653383018810587
2021-09-29,-0.00095188057848342,-5.239513081227415e-05,-0.0008994854476711459,2.442763801788792,2.218999056609924,0.001569166228234442,1.6559774516060408
2021-09-30,-0.008763907565035424,-0.008203465009767798,-0.0005604425552676266,2.4213556456267007,2.2007955754923167,-0.01190973193927691,1.6362552040599259
2021-10-01,0.010961072894825572,0.010107392735017137,0.0008536801598084346,2.447896301362712,2.2230398807033054,0.0114914777343913,1.6550581943051623
2021-10-04,-0.01678039412094472,-0.01831805831228703,0.0015376641913423111,2.406819636658643,2.1823181065380424,-0.01298588032242076,1.6335658066672736
2021-10-05,0.010662874426355452,0.01229166380840591,-0.0016287893820504575,2.4324832522112207,2.2091424270266047,0.01052445552336256,1.6507581973440293
2021-10-06,0.005052519436368657,0.006050894039529844,-0.0009983746031611875,2.444773421121659,2.2225097137707723,0.004102887438675262,1.6575310724162022
2021-10-07,0.01076437131203869,0.008848413963963882,0.001915957348074808,2.4710898700004154,2.242175399757147,0.00829828923697451,1.6712857446743845
2021-10-08,-0.000466166948189494,-0.0012819178701111752,0.0008157509219216812,2.469937929577015,2.2393011150442743,-0.001913740749495463,1.6680873370407503
2021-10-11,-0.004954885827705393,-0.005627311699751085,0.0006724258720456917,2.457699669134442,2.22669986968032,-0.006865785842134819,1.6566346066186515
2021-10-12,-0.0064935846668513104,-0.005523236176597128,-0.0009703484902541821,2.441740388247225,2.214401280405678,-0.002416771569227705,1.6526308992007768
2021-10-13,0.005292501311626464,0.004083189456299408,0.001209311855327056,2.4546633024546747,2.2234431003658464,0.003022536862308023,1.6576260370134004
2021-10-14,0.017660468220207455,0.017459769574045197,0.00020069864616225827,2.498013805698985,2.262263904559235,0.01706311013337003,1.6859102926429017
2021-10-15,0.011617603565278857,0.010927463446248335,0.0006901401190305221,2.5270347397941895,2.286984710682073,0.007460130771969053,1.6984874038958264
2021-10-18,0.006561775929866355,0.008458072248456924,-0.0018962963185905693,2.543616575523707,2.3063281925961383,0.003374804590092095,1.7042194669827078
2021-10-19,0.007851160941063721,0.007087453506523911,0.0007637074345398101,2.563586918630501,2.3226741864319487,0.00739335690054066,1.71681936973896
2021-10-20,-0.00023047976231645013,-0.0005976763458293579,0.0003671965835129078,2.562996063726817,2.3212859790116496,0.003664016744733489,1.7231098246573664
2021-10-21,0.00490380631376343,0.005107147685203754,-0.00020334137144032392,2.5755645000062715,2.333141129326055,0.002995906256131331,1.7282721001610588
2021-10-22,-0.006266112458086755,-0.006555960530522728,0.0002898480724359727,2.5594257232061763,2.317845148170054,-0.001072579333506241,1.7264183912237507
2021-10-25,0.008928166263225765,0.007976851478727296,0.0009513147844984696,2.5822767016013377,2.3363342546676953,0.004748179277871856,1.7346157352538962
2021-10-26,0.003854052177717846,0.004233843698135491,-0.0003797915204176456,2.592228930746615,2.346225928728558,0.001819782414463678,1.7377723584647633
2021-10-27,0.0034972447157101613,0.0032811945254344822,0.00021605019027567908,2.60129458967658,2.353924352401335,-0.005051597996847845,1.7289938310997652
2021-10-28,0.01244499557945933,0.011590007099486582,0.0008549884799727483,2.6336676893459767,2.381206352357321,0.009829337739032606,1.7459886954143486
2021-10-29,0.0036619251084954937,0.0038228996593685626,-0.00016097455087306888,2.643311983185026,2.390309465310634,0.001949343184478369,1.749392226577931
2021-11-01,0.0021902060207981194,0.0007437850292546806,0.0014464209915434388,2.649101381005446,2.3920873417062176,0.001800068615402051,1.7525412526210222
2021-11-02,0.002521240109571274,0.0039267979919655055,-0.0014055578823942315,2.6557804016615574,2.4014805854762358,0.003680367256435613,1.7589912480627212
2021-11-03,0.0070448189849672774,0.007962153328864961,-0.0009173343438976835,2.6744898938550867,2.42060154211409,0.00646129593037692,1.7703566110553974
2021-11-04,0.00902167086370046,0.01035107411794146,-0.0013294032542409996,2.698618261405741,2.4456573680865166,0.004181891914508462,1.7777600510529665
2021-11-05,0.0023064120228216537,0.0025516592208976435,-0.0002452471980759897,2.7048423870088527,2.451897852260951,0.003732858125750305,1.784396177105174
2021-11-08,0.0006093485262712453,0.0005940634357611435,1.5285090510101882e-05,2.7064905787311724,2.4533544351232,0.0008877005575269603,1.785980186586439
2021-11-09,-0.006852758542522214,-0.005869467798464544,-0.00098329074405767,2.6879436522975166,2.4389545502680243,-0.003498734500287037,1.7797315160908
2021-11-10,-0.012194253825346403,-0.011241197407496637,-0.0009530564178497659,2.655166185133172,2.411537780700549,-0.008225815057894437,1.765091773786731
2021-11-11,0.001575137438748793,0.000985146481995001,0.000589990956753792,2.6593484367974747,2.413913498661404,0.0005509274303756584,1.7660642112620406
2021-11-12,0.009152050743134778,0.00915339148947314,-1.3407463383616203e-06,2.6836869286347214,2.436008993936376,0.007222639253044116,1.7788198559576982
2021-11-15,0.00044961751536897013,-0.0007648790907565525,0.0012144966061255226,2.6848935612836025,2.4341457415920194,-1.067725850711909e-05,1.7788008630382586
2021-11-16,0.00419550438287119,0.004762638623068818,-0.0005671342401976287,2.6961580439875106,2.445738698115104,0.003865208849406221,1.7856762998754054
2021-11-17,6.707163238612305e-05,-0.00041895278199186313,0.0004860244143779862,2.6963388797086916,2.4447140490835033,-0.002601629475206813,1.7810306317804714
2021-11-18,0.009893582878708618,0.010886389690104165,-0.0009928068113955468,2.7230153318841737,2.4713281589026987,0.00338475516511072,1.7870589844106108
2021-11-19,0.0020661437639541034,0.0027920352716630055,-0.000725891507708902,2.728641473031298,2.4782281942902094,-0.001398648964617166,1.784559516212355
2021-11-22,-0.005392565616963214,-0.0051367316250223215,-0.0002558339919408927,2.713927094842809,2.465498201150577,-0.003197132372348976,1.7788540432126891
2021-11-23,0.00020671371796437946,-0.0004900380380428863,0.0006967517560072657,2.7144881008028685,2.4642900132492866,0.001657078672799628,1.7818017443097203
2021-11-24,0.004728688760693397,0.0046672593248503706,6.14294358430266e-05,2.727324070176171,2.47579149379276,0.002293900697124096,1.7858890205731293
2021-11-25,-0.0003292887784209264,-0.00030221220067731943,-2.707657774360698e-05,2.7264259929647445,2.4750432793970027,,
2021-11-26,-0.023677691699867713,-0.024686409110607835,0.0010087174107401217,2.6618705188608196,2.413943348435348,-0.02272485568312821,1.7453049503145217
2021-11-29,0.017135721185165122,0.018058016264385548,-0.0009222950792204254,2.7074835899030294,2.4575343766826987,0.01320022112818919,1.7683433615947965
2021-11-30,-0.013958039333998534,-0.013511377318866676,-0.000446662015131858,2.6696924274590073,2.424329702445253,-0.01896130621854386,1.7348132616160683
2021-12-01,-0.010921681514056428,-0.010942047108701697,2.036559464526841e-05,2.6405348970258116,2.397802572634072,-0.01181519597109704,1.7143161029568164
2021-12-02,0.0068172803605020885,0.006857663176770791,-4.03828162687022e-05,2.658536163720526,2.414245895041591,0.01419442327123188,1.7386498313428742
2021-12-03,-0.01237381883894929,-0.012903724386065683,0.0005299055471163928,2.6256399188538526,2.383093131411784,-0.00844858097922263,1.7239607074482621
2021-12-06,0.011743179547927519,0.011935746849800023,-0.00019256730187250382,2.656473279849159,2.411537127747812,0.01173092897764194,1.744184368067583
2021-12-07,0.024556993071963306,0.025753360652508314,-0.0011963675805450082,2.7217082757782705,2.473642313125615,0.02070706300757674,1.780301303673989
2021-12-08,0.004312575099485099,0.0033333781022045613,0.0009791969972805376,2.733445847116454,2.4818878982448744,0.003085293646983622,1.785794055975931
2021-12-09,-0.0074311306718218735,-0.007635403812340061,0.00020427314051818784,2.713133253842183,2.462937681924815,-0.007181129964413446,1.772970036770291
2021-12-10,0.010030883346549222,0.011821517174642618,-0.0017906338280933957,2.7403483770151174,2.4920533420317637,0.00954911139915815,1.78990032515878
2021-12-13,-0.012148710566367025,-0.013501121498934721,0.0013524109325676967,2.7070566777317473,2.4584078270791667,-0.009136209099282255,1.773547421521256
2021-12-14,-0.0077304211230919805,-0.007826535017492687,9.611389440070638e-05,2.6861299896088027,2.439167012133254,-0.007470598440341258,1.760297960920168
2021-12-15,0.01997430105526248,0.02197919693434053,-0.002004895879078053,2.739783558694818,2.4927779442486777,0.01634840928855508,1.7890760324551
2021-12-16,-0.01789125732810437,-0.01784948384563056,-4.1773482473809326e-05,2.6907653860228997,2.4482831446020668,-0.00874337823922211,1.7734334640046183
2021-12-17,-0.008546164741131583,-0.01007414367217302,0.001527978931041436,2.6677696617542135,2.423618788453186,-0.01028772648313114,1.755188865590907
2021-12-20,-0.01180920449624078,-0.011537711344337552,-0.00027149315190322723,2.636265424269691,2.3956557744633002,-0.01138803282662137,1.7352007171726374
2021-12-21,0.019865266427787465,0.019594144243356475,0.00027112218443098995,2.6886355392971724,2.442596599265564,0.01777794317888248,1.7660490169264886
2021-12-22,0.010906024171741874,0.013512227605051217,-0.002606203433309343,2.7179578634777513,2.475601520462164,0.01018018037395452,1.7840277144680454
2021-12-23,0.005425382766565081,0.00708051154600969,-0.0016551287794446092,2.7327038252305136,2.4931300456111156,0.006223704157936716,1.7951309751724545
2021-12-24,0.00016614491561576147,0.0001478660219594905,1.8278893656270963e-05,2.7331578500769598,2.493498694833188,,
2021-12-27,0.013454407927915519,0.014645957612123024,-0.001191549684207505,2.7699308707232797,2.530018371023599,0.01383895602639984,1.8199737137994942
2021-12-28,-0.0025288361453177197,-0.0023992300549946057,-0.000129606090323114,2.7629261694173635,2.5239482749081508,-0.00101018744821213,1.818135199197738
2021-12-29,-0.001394749506570757,-0.0007132120706575227,-0.0006815374359132343,2.7590725795058773,2.522148164532771,0.001401903329259158,1.8206840489865366
2021-12-30,-0.0037619793374460797,-0.004715145690809228,0.0009531663533631483,2.7486930054712624,2.510255868483192,-0.002989739331450192,1.8152406782751376
2021-12-31,-0.005333386730768591,-0.005183792837686465,-0.00014959389308212643,2.7340331626689256,2.4972432220913885,-0.002626220774138543,1.81047345549579
2022-01-03,0.012605595104892332,0.016342775302252057,-0.0037371801973597255,2.768497277720878,2.5380551069451,0.00637407735335227,1.8220135533473112
2022-01-04,-0.004691018181093543,-0.005957567939278976,0.0012665497581854333,2.755510206656781,2.5229344712118404,-0.000629617892823231,1.8208663810131573
2022-01-05,-0.026477346987930413,-0.026525595682686226,4.824869475581264e-05,2.6825516067863457,2.4560121314945635,-0.01939276609770646,1.7855547451909919
2022-01-06,-0.0021469625590054965,-0.0033436815922672156,0.001196719033261719,2.6767922689239754,2.4478000089401,-0.0009637108612128298,1.7838339866897612
2022-01-07,-0.005229425467471025,-0.006191629932835161,0.0009622044653641365,2.6627941832617346,2.4326441371351524,-0.00405021241255954,1.7766090801349248
2022-01-10,-0.001067277258348044,0.00012662162711126552,-0.0011938988854593097,2.659952243586278,2.432952162493979,-0.001441085475183956,1.7740488345944625
2022-01-11,0.011465896074435575,0.010366183203754622,0.0010997128706809536,2.6904509795741998,2.4581725903363627,0.009160030747555226,1.7902991764670122
2022-01-12,0.005443647769084009,0.0057535183307641955,-0.00030987056168018615,2.7050968470469887,2.472315731395045,0.002817696321081753,1.795343695870179
2022-01-13,-0.017843813085230056,-0.018796779707959628,0.0009529666227295723,2.656827604530837,2.425844157223489,-0.01424354946205864,1.769771629136657
2022-01-14,0.0031600462120488955,0.003959701506578901,-0.0007996552945300052,2.665223302538602,2.4354497759875726,0.0008199131578892072,1.7712226881818451
2022-01-17,1.0335779183511036e-05,3.848624273506134e-06,6.487154910004902e-06,2.6652508496981313,2.435459149118697,,
2022-01-18,-0.023048211862836843,-0.022126416401464698,-0.0009217954613721449,2.603821583446683,2.3815711658565397,-0.0183878958147915,1.7386536299267625
2022-01-19,-0.010625676108197153,-0.010605505651383658,-2.0170456813494927e-05,2.5761542186574453,2.3563133993978758,-0.009689520243122751,1.7218069103838083
2022-01-20,-0.012224494943300706,-0.01189544656841659,-0.00032904837488411526,2.544662034438305,2.3282839992568944,-0.01103742532143781,1.7028025951925114
2022-01-21,-0.02499646406061046,-0.024554014278252243,-0.0004424497823582174,2.481054481348068,2.2711152806953145,-0.01891481307149878,1.670594402406782
2022-01-24,0.0025004458765112625,0.0013447965311017046,0.0011556493454095579,2.4872582237953544,2.2741694686465257,0.002771752229453028,1.6752248761661648
2022-01-25,-0.01687234549213741,-0.017292335381237305,0.0004199898890998935,2.445292343715319,2.23484376748092,-0.01217197678979987,1.6548340778557749
2022-01-26,0.004357430715868647,0.004996178076233414,-0.000638747360364767,2.455947535683103,2.246009444915815,-0.001496631431555429,1.6523574011608468
2022-01-27,-0.00578309146676852,-0.009632611635479448,0.0038495201687109275,2.441744566446663,2.2243745082033217,-0.005383994684971971,1.6434611176953227
2022-01-28,0.031382375795992755,0.030789775843134835,0.0005925999528579202,2.5183723120287156,2.292862500702085,0.02434756882568179,1.6834754003707415
2022-01-31,0.023077748754078087,0.024264213352710368,-0.0011864645986322808,2.576490675514941,2.3484970056075496,0.01888601825422787,1.715269547512687
2022-02-01,0.007960851142950075,0.006334240555158074,0.0016266105877920014,2.5970017342539142,2.3633729505841363,0.006862951356977565,1.7270413589813713
2022-02-02,0.0117649171191736,0.012581440715160814,-0.000816523595987214,2.6275552444157615,2.3931075872497254,0.009422549895085064,1.7433144923572488
2022-02-03,-0.03625733846256884,-0.034589319902792647,-0.001668018559776191,2.5322870845898815,2.3103316233525444,-0.02439109422187757,1.7007931443157984
2022-02-04,0.013292465143188988,0.013172441440888796,0.00012002370230019231,2.56594742239434,2.340764331370189,0.005156964694110977,1.709564074513021
2022-02-07,-0.006066397184764958,-0.0072627609816335375,0.0011963637968685796,2.550381366174872,2.323763919517114,-0.003701786234065696,1.7032356337557353
2022-02-08,0.009231498295733496,0.009638991780284812,-0.00040749348455131583,2.573925207410186,2.346162660836662,0.008401224834796661,1.7175448992615545
2022-02-09,0.015527206287133296,0.014907934992662077,0.0006192712944712193,2.613891075073296,2.3811391012666263,0.0145171777757136,1.7424788039019046
2022-02-10,-0.01791162132030769,-0.01886162324639026,0.0009500019260825707,2.5670720479640514,2.3362269526412867,-0.01811570507370552,1.7109125717932345
2022-02-11,-0.0223790975908302,-0.024025333070140032,0.0016462354793098308,2.5096232920799717,2.2800983219766415,-0.0189694676826343,1.67845747105479
2022-02-14,-0.0012729332424299678,0.0005113264523007772,-0.001784259694730745,2.5064287091655064,2.2812641965625144,-0.003840548222982743,1.6720112741969784
2022-02-15,0.02213062777859294,0.019833029980507202,0.0022975977980857383,2.5618975499816274,2.3265085777663965,0.01576674307705939,1.6983734463791889
2022-02-16,-9.803807593710171e-05,0.0005889582472742061,-0.0006869963232113078,2.561646386475079,2.3278787941806263,0.0008812208263346832,1.699870088431032
2022-02-17,-0.03038827136018787,-0.02427729343708565,-0.00611097792310222,2.48380238095403,2.2713641976083343,-0.02117313704326917,1.6638785060929278
2022-02-18,-0.011822491371554321,-0.010033650082455065,-0.001788841289099256,2.4544376487365547,2.248574124039716,-0.007166241273349194,1.651954751268726
2022-02-21,-7.03589990819384e-05,-6.984119902246754e-05,-5.178000594708578e-07,2.4542649569602806,2.248417080926802,,
2022-02-22,-0.014697530007742465,-0.012904083126077479,-0.0017934468816649864,2.4181933241084064,2.21940332001243,-0.01014286469818593,1.635199197739082
2022-02-23,-0.027596074839194032,-0.02226329414244509,-0.005332780696748942,2.3514606801606712,2.1699920910782744,-0.01841217628857361,1.605091621843376
2022-02-24,0.026006534720302857,0.021328540430389707,0.00467799428991315,2.4126140239826968,2.2162748551264633,0.01495680984498882,1.629098672015072
2022-02-25,0.01574281170440086,0.016976794759056092,-0.0012339830546552327,2.4505953522776536,2.2539000984716018,0.02237274698626623,1.6655460844197274
2022-02-28,0.0024405206535873065,0.0006837078949452207,0.0017568127586420857,2.4565760808484725,2.2554411077633447,-0.002442612295166069,1.661477801075758
2022-03-01,-0.012055572767592783,-0.01382743461570481,0.0017718618481120264,2.4269606491466758,2.224254143316174,-0.01547346328481858,1.6357689853222712
2022-03-02,0.013475719580194303,0.015708723083661384,-0.0022330035034670813,2.4596656902867426,2.2591943357212148,0.01864262724498755,1.666264016774546
2022-03-03,-0.011243202563582678,-0.00864162998054609,-0.0026015725830365877,2.4320111706921543,2.2396712142177666,-0.005254711002293466,1.657508280912875
2022-03-04,-0.013203182969768886,-0.011625219468639663,-0.0015779635011292231,2.399900882220984,2.2136345448148904,-0.00793401612012401,1.6443575834928732
2022-03-07,-0.031359250620215676,-0.03249032943281715,0.0011310788126014729,2.3246417889917392,2.1417128292099905,-0.02951809594651711,1.5958192785729475
2022-03-08,-0.006077862580667589,-0.005727844811487248,-0.00035001776918034116,2.3105129356489704,2.1294454304935044,-0.007233836932796112,1.5842753821375384
2022-03-09,0.03365943926293556,0.03171434108993736,0.0019450981729981984,2.388283505472674,2.1969793892085843,0.02569832402234651,1.6249886042483357
2022-03-10,-0.003587594641021794,-0.0043756943492771995,0.0007880997082554053,2.3797153123671992,2.1873660789097458,-0.004291845493562207,1.6180144042301026
2022-03-11,-0.016998668599770568,-0.015882733744913946,-0.001115934854856622,2.3392633204104696,2.152624725875766,-0.01296155435354218,1.5970424225848598
2022-03-14,-0.016073982261383638,-0.01257869619595331,-0.003495286065430328,2.301662043293486,2.1255475134250776,-0.00742095611408311,1.5851908408545285
2022-03-15,0.02760092909601328,0.027423396404550097,0.00017753269146318293,2.3651900541534148,2.1838372454624393,0.02140849390502542,1.6191273893092648
2022-03-16,0.029727700497015203,0.02643830658049805,0.003289393916517152,2.4355017157018066,2.241574204079886,0.02238384027965123,1.6553696781839722
2022-03-17,0.014083300656001451,0.012155834158346592,0.0019274664976548592,2.4698016186122427,2.2688224083583086,0.01234780373853228,1.6758098580849052
2022-03-18,0.017850289433508647,0.015816921868950187,0.00203336756455846,2.5138882923478194,2.3047081951258352,0.01166225034964086,1.6953535721882875
2022-03-21,-0.0011214691181836113,1.6912090246975034e-05,-0.0011383812084305863,2.5110690442613883,2.304747172558824,-0.0004346735019447046,1.69461664691403
2022-03-22,0.018528831563864596,0.01599776569960785,0.002531065864256745,2.557596219627742,2.3416179778222537,0.01130418409479095,1.7137729054608435
2022-03-23,-0.009992091542406496,-0.009858245327111654,-0.00013384621529484268,2.532040484072709,2.318533733334507,-0.01227278067031501,1.692740146473394
2022-03-24,0.01724869962834137,0.017796513236996898,-0.0005478136086555264,2.575714889829279,2.359795549610218,0.01434393120657784,1.7170206946850208
2022-03-25,0.0004486176238166371,0.002242667966392496,-0.0017940503425758587,2.5768704009227834,2.3650877874965643,0.005066192347173759,1.7257194517883732
2022-03-28,0.013332592421845929,0.011502078357309969,0.00183051406453596,2.6112267637022057,2.3922912125502664,0.007144963967017803,1.738049655088583
2022-03-29,0.014418824388490835,0.011814960667742177,0.0026038637207486583,2.6488775838465553,2.4205560391323333,0.01225653040528729,1.759352113532075
2022-03-30,-0.0077525388803729636,-0.006889992951823861,-0.0008625459285491023,2.6283420573884366,2.403878425083217,-0.006293721392175655,1.748279241498769
2022-03-31,-0.01682786178350771,-0.017238716736286856,0.00041085495277914594,2.584112680526924,2.362438645844736,-0.01565253289009116,1.7209142431701459
2022-04-01,0.0026723661500870875,0.001960062449520577,0.0007123037005665107,2.591018375782375,2.3670691731237525,0.003410287369134402,1.7267830552769925
2022-04-04,0.018787819753520712,0.01637861464942553,0.0024092051040951815,2.639697962004634,2.405838486958881,0.0080908782936564,1.7407542468167867
2022-04-05,-0.018623161141794117,-0.016075591626014265,-0.0025475695157798524,2.5905384414925563,2.367163209924382,-0.01255171691426782,1.7189047922934328
2022-04-06,-0.020874902719678436,-0.017876987574219957,-0.002997915145458479,2.5364612035348117,2.3248454626344133,-0.009716869386889204,1.7022024189382197
2022-04-07,0.0015664402362541028,0.001955718112942843,-0.0003892778766887402,2.540434418421726,2.3293922050154805,0.004253372460194527,1.709442519828608
2022-04-08,-0.009361652273695469,-0.008856315269618243,-0.0005053370040772262,2.516651754772334,2.3087623732612723,-0.002650987398365889,1.7049108092503116
2022-04-11,-0.02348082407551278,-0.023273320277705463,-0.00020750379780731798,2.457558697659194,2.2550298071032473,-0.01687728929567678,1.6761365362992677
2022-04-12,-0.004096658114833914,-0.003437214572107348,-0.0006594435427265655,2.447490919877748,2.2472787857897356,-0.003417540503973915,1.6704082717962745
2022-04-13,0.016599082321078682,0.015177989996846934,0.0014210923242317479,2.488117023136891,2.2813879607205787,0.01117465804045525,1.6890745130215457
2022-04-14,-0.021621826810541152,-0.01954468927896136,-0.0020771375315797903,2.434319387778266,2.236798941903532,-0.01214413741766163,1.6685621600267422
2022-04-15,-0.0002861576362358366,-0.00027565707058421274,-1.0500565651623832e-05,2.433622788696416,2.236182352459721,,
2022-04-18,0.0016161045237575399,0.0029342913459437328,-0.0013181868221861929,2.4375557774943477,2.2427439629844956,-0.000204890508788802,1.6682202874768286
2022-04-19,0.019979373125146825,0.017580769451329296,0.0023986036738175287,2.4862566138862645,2.2821731275360864,0.01605759969396758,1.695007901054487
2022-04-20,-0.01006325345975825,-0.008427095997068925,-0.0016361574626893253,2.461236783414727,2.2629410355084087,-0.0006185275905885579,1.6939594919014191
2022-04-21,-0.01681806256338621,-0.015645509247083838,-0.001172553316302373,2.4198435492079504,2.2275361706117565,-0.01475294038502506,1.6689686085027502
2022-04-22,-0.026974273378267452,-0.026863910788548953,-0.000110362589718499,2.354570027778978,2.167695837646176,-0.02773997077607282,1.622671468076701
2022-04-25,0.009500766307349378,0.009265338905105388,0.0002354274022439897,2.3769402473671954,2.187780274225154,0.005697858972138148,1.6319172212599142
2022-04-26,-0.03710524550216275,-0.03485591458309318,-0.0022493309190695712,2.288743295944664,2.111523191860186,-0.02814632738377887,1.585984744887106
2022-04-27,0.0022548104774753374,0.0016074573167137052,0.0006473531607616321,2.2939039783086117,2.114917375264352,0.002098103084882119,1.5893123043729296
2022-04-28,0.03262438954107247,0.03289569464628494,-0.00027130510521247014,2.3687411952667676,2.1844890514431707,0.02474689050564538,1.6286428419485215
2022-04-29,-0.037773703600373444,-0.04036586524328694,0.002592161642913496,2.2792650674507664,2.09631026076718,-0.03628454810495618,1.5695482724040477
2022-05-02,0.012321087688901815,0.011025574483532148,0.0012955132053696673,2.307348092213078,2.119423285687861,0.005675313957399952,1.5784559516212353
2022-05-03,0.00290828750828512,0.0026628575558181244,0.0002454299524669956,2.3140585238469265,2.125067007998132,0.004837102743912469,1.5860911052359674
2022-05-04,0.03297717303997675,0.03151835741884505,0.0014588156211316969,2.39036963221246,2.192045629495213,0.0298624349775356,1.6334556477345241
2022-05-05,-0.04627758724159595,-0.04394416760196794,-0.0023334196396280066,2.2797490930180864,2.095718008961514,-0.03564975338184306,1.5752233567326097
2022-05-06,-0.007761080347226098,-0.006000488308983741,-0.0017605920382423564,2.2620557771356573,2.0831426775498136,-0.005674159064547379,1.5662852888443186
2022-05-09,-0.04282726994884668,-0.03622127665345177,-0.006605993295394914,2.16517810372892,2.0076885903176698,-0.03203713494400184,1.5161059956848082
2022-05-10,0.005551181145732097,0.007247689952053561,-0.0016965088063214638,2.177197399595492,2.0222396947405676,0.00245788276325154,1.5198324064788642
2022-05-11,-0.02578544918146567,-0.02361570031533792,-0.002169748866127752,2.1210573866902034,1.974483088143794,-0.01646317841566602,1.4948111344090915
2022-05-12,-0.0043073619033295535,-0.0061327342964851515,0.001825372393155598,2.111921224907998,1.9623741079913046,-0.001296001707672856,1.492873856626249
2022-05-13,0.034792284974163624,0.029085857826521164,0.005706427147642461,2.1853997900079816,2.019451442298786,0.02386974310955492,1.5285083720788881
2022-05-16,-0.009711635540030428,-0.007695819127275397,-0.002015816412755031,2.164175983738165,2.0039101092625393,-0.003946429947140562,1.522476220864861
2022-05-17,0.021629698702626748,0.021197801681410937,0.0004318970212158109,2.2109864582058822,2.046388598346061,0.02016961035526355,1.5531839730148593
2022-05-18,-0.04345610053545925,-0.044304797111703036,0.0008486965762437848,2.1149056083955484,1.9557237666846365,-0.04039522115020122,1.490442762937976
2022-05-19,-0.00592575000723578,-0.01007978471738076,0.00415403471014498,2.102373206471295,1.9360104921497903,-0.005833809077192775,1.4817478044185122
2022-05-20,-0.003464276238703937,-0.002248600235720366,-0.001215676002983571,2.0950900049272287,1.9316571785007852,0.0001461242466269663,1.481964323700124
2022-05-23,0.02020817198511086,0.022435700392143862,-0.0022275284070330005,2.137427944071085,1.9749952602179628,0.01855506797629536,1.5094622724648246
2022-05-24,-0.01943503786675893,-0.016356905251784945,-0.0030781326149739857,2.095886951040595,1.9426904498738533,-0.008120792702107527,1.4972042422584855
2022-05-25,0.011789237175946704,0.010318568408318443,0.001470668767628261,2.1205958594003844,1.9627362341770636,0.009450764687376267,1.511353967241012
2022-05-26,0.023806587289505934,0.02201468941802853,0.0017918978714774048,2.1710800098329646,2.0059452627819825,0.01988322907058282,1.5414045643783991
2022-05-27,0.03130113801700619,0.028997658213787712,0.002303479803218475,2.2390372848667095,2.0641129779077008,0.0247422273919129,1.579542346613182
2022-05-30,0.0003283442469378863,0.0003300939819858267,-1.7497350479403744e-06,2.239772459877875,2.064794329179847,,
2022-05-31,-0.0052961800200714984,-0.0019882915922737453,-0.003307888427797753,2.2279102217263635,2.0606889159753643,-0.006274289122320975,1.5696318412495815
2022-06-01,-0.004642896476267203,-0.004742940370738694,0.00010004389447149098,2.2175662652084704,2.050915191324251,-0.007482787410912017,1.5578866198681125
2022-06-02,0.02676342072366522,0.021427577739247812,0.005335842984417409,2.2769159241468513,2.0948613360229555,0.01843105604903905,1.5866001154769496
2022-06-03,-0.022239557784039816,-0.0223970815237944,0.00015752373975458367,2.226278320882387,2.0479425558990045,-0.01634736474159759,1.560663384690187
2022-06-06,0.005517294799542958,0.0049157186178347394,0.0006015761817082183,2.238561354684527,2.0580096652492936,0.003137367532018764,1.5655597593217245
2022-06-07,0.0107840858457452,0.008259950805347544,0.002524135040397656,2.262702192504413,2.0750087238411825,0.009523393579413009,1.5804692010818364
2022-06-08,-0.007044681279732799,-0.007795610373979663,0.0007509290942468638,2.2467621767272665,2.0588327643075077,-0.0107939086880029,1.5634097608411581
2022-06-09,-0.025787950374693884,-0.02556799716322937,-0.00021995321146451446,2.1888227852100846,2.00619253403013,-0.02379870595295663,1.5262026316589172
2022-06-10,-0.0340041817610851,-0.03342906963448003,-0.0005751121266050693,2.1143936573789963,1.9391273841098629,-0.02911031355312088,1.4817743945057278
2022-06-13,-0.04444303519081611,-0.04066958073303455,-0.003773454457781565,2.020423585656863,1.8602638864101688,-0.03876837415339185,1.424328410368614
2022-06-14,0.002109835889329881,0.0007464919270571285,0.0013633439622727525,2.0246863478495305,1.8616525583835701,-0.003773705672293071,1.4189534141671978
2022-06-15,0.02036982414042622,0.020544051686520282,-0.00017422754609406135,2.0659288526947472,1.8998984447653449,0.01459250216839592,1.4396594949402854
2022-06-16,-0.03646080589701567,-0.03247427508643356,-0.00398653081058211,1.9906034217995996,1.8382006200337477,-0.03251195913445681,1.3928533442732542
2022-06-17,0.005758566787168511,0.004947319633092693,0.0008112471540758174,2.0020664445507985,1.8472947860508038,0.002200847067037159,1.395918801470811
2022-06-20,-0.0003737761338294508,-0.00037787213840296787,4.0960045735170575e-06,2.0013181198954846,1.846596744819738,,
2022-06-21,0.03065508528226743,0.028837046152446748,0.0018180391298206824,2.0626686975378274,1.8998471403750627,0.02447725615264873,1.4300870635427105
2022-06-22,-0.0016117788264545596,-0.0023630608360809676,0.000751282009626408,2.0593441318051453,1.895357686003102,-0.001301533418862744,1.4282257574376265
2022-06-23,0.011568759616675361,0.010970854946543936,0.0005979046701314258,2.08316818903401,1.9161513802480592,0.009532193760987795,1.4418398820919556
2022-06-24,0.0348646649075821,0.03218165678854969,0.0026830081190324165,2.1557971498908155,1.9778163063221081,0.03056329085577736,1.4859072537757918
2022-06-27,-0.0068290948404476776,-0.005807257734325353,-0.0010218371061223247,2.141075006697444,1.9663306172801442,-0.002973101484249896,1.4814895007141333
2022-06-28,-0.026275566769151507,-0.026547177024334852,0.0002716102551833452,2.084817047401204,1.9141300902948386,-0.02014302160708281,1.4516478256905823
2022-06-29,-0.003609478910605199,0.0014724933385511806,-0.00508197224915638,2.0772919442361393,1.9169486341019182,-0.000711753084481459,1.4506146108730662
2022-06-30,-0.015372979472381131,-0.013200441245758086,-0.002172538226623045,2.0453577778192544,1.8916440662863196,-0.008759227302603145,1.4379083477679517
2022-07-01,0.008144612510853393,0.006694718798667683,0.0014498937121857104,2.0620164243656522,1.9043080913772747,0.01055376210578585,1.4530836904002182
2022-07-04,0.00029982891816719324,0.00030281981885142337,-2.9909006842301303e-06,2.062634676519413,1.9048847536085431,,
2022-07-05,0.013398626726641332,0.010921622007097549,0.0024770047195437836,2.0902711486235233,1.9256891848545388,0.001584177051391578,1.4553856322363017
2022-07-06,0.002121366321683988,0.004849175243147626,-0.002727808921463638,2.094705379441401,1.9350271891757327,0.003573115762164569,1.4605858935788731
2022-07-07,0.024258316175932253,0.020205882482964344,0.00405243369296791,2.145519404831316,1.9741261211615582,0.01496457811020835,1.4824429452700028
2022-07-08,0.0018719504056590825,0.00147064620781246,0.00040130419784662245,2.1495357107515396,1.9770293622553878,-0.0008302114989416909,1.4812122040903146
2022-07-11,-0.01951522031805628,-0.01642789435732646,-0.0030873259607298205,2.1075870477746936,1.9445509327509238,-0.01152747359836703,1.4641375695140846
2022-07-12,-0.009848863751282596,-0.010870339591439302,0.0010214758401567055,2.086829710097193,1.923413003759071,-0.009243908956706903,1.4506032151214023
2022-07-13,-0.0032159720680266734,-0.002048528493647567,-0.0011674435743791066,2.080118524038792,1.9194728374158183,-0.004456897454697795,1.4441380253441514
2022-07-14,0.00017745102308502968,0.0022764362530811816,-0.0020989852299961517,2.080487643199021,1.9238423949697163,-0.00299859539478875,1.439807639711915
2022-07-15,0.021375710040119726,0.0197819405180616,0.0015937695220581277,2.1249595438020954,1.9618997307931325,0.01920124103651877,1.4674537332482447
2022-07-18,-0.007756319333449726,-0.009013462304059838,0.0012571429706101115,2.1084776790097046,1.9442162215252834,-0.008363619420370894,1.4551805087063538
2022-07-19,0.02856051774983537,0.02776027355968682,0.0008002441901485517,2.168696893186193,1.9981881956940062,0.02762833313755442,1.495384720576169
2022-07-20,0.01292839793492015,0.009213850713319937,0.0037145472216002125,2.1967346696215295,2.016599203426249,0.005895816028186118,1.5042012337800466
2022-07-21,0.01566108723762973,0.013303635475210341,0.002357451762419388,2.231137922920398,2.0434273041282314,0.009861360135356989,1.5190347038624
2022-07-22,-0.013554437508934357,-0.014420262336269387,0.0008658248273350298,2.2008961033703596,2.0139605463376067,-0.009332449768064022,1.504858388792658
2022-07-25,-0.0018131332883083034,-0.002083221725903698,0.0002700884375953945,2.1969055853812307,2.009765019972363,0.001315115242968234,1.506837450998268
2022-07-26,-0.01756370664298063,-0.018311212526306887,0.0007475058833262584,2.158319780157269,1.9729637855637119,-0.01154319307055485,1.4894437353754524
2022-07-27,0.03557350406472342,0.03610363635685512,-0.0005301322921317034,2.2350987776296667,2.0441949526229486,0.02615625916527464,1.5284020117300274
2022-07-28,0.01242274946986487,0.011666898049227287,0.0007558514206375821,2.262864849784561,2.068044366727946,0.01213338270856257,1.5469466982708848
2022-07-29,0.016192497362050386,0.019044641996335106,-0.0028521446342847194,2.299506282895374,2.107429531324817,0.01420773346625981,1.5689253046464282
2022-08-01,-0.003424602549636163,-0.004087451952558824,0.000662849402922661,2.291631387816066,2.098815514372123,-0.002823046323623735,1.5644961558331059
2022-08-02,-0.0009340007617016859,-0.005829156390933676,0.00489515562923199,2.2894910023543065,2.0865811905031304,-0.006662409587654183,1.5540728416446352
2022-08-03,0.018681076983003368,0.020411917270035284,-0.0017308402870319164,2.332261160021181,2.129172313140892,0.01563848171314453,1.5783761813595893
2022-08-04,0.00351027955244414,0.0018398633455411718,0.0016704162069029684,2.340448048682163,2.133089699236181,-0.0007773448499099889,1.5771492387637889
2022-08-05,-0.006275173004614196,-0.00467100201784665,-0.0016041709867675464,2.3257613322683706,2.123126032946801,-0.001625746036792441,1.5745851946394385
2022-08-08,-0.00854098668112666,-0.004837503036917982,-0.003703483644208679,2.305897035705987,2.112855404314661,-0.001237578977079212,1.5726365211049325
2022-08-09,-0.008969792489053295,-0.005911764305604269,-0.003058028183449026,2.285213617794581,2.1003647011525306,-0.004248730694724312,1.5659548120460696
2022-08-10,0.024456768690392885,0.024403561262099662,5.320742829322336e-05,2.341102558653119,2.151621079809858,0.0212906340131036,1.5992949828304008
2022-08-11,-0.004199314783970915,-0.004449249374739778,0.0002499345907688629,2.331271532067775,2.142047981065837,-0.0007054229687617486,1.5981668034156868
2022-08-12,0.020123317102772174,0.018893406346714336,0.0012299107560578386,2.37818444836024,2.1825185639862728,0.01732239670855429,1.6258508827908955
2022-08-15,0.005522944361048145,0.005504659173378822,1.828518766932262e-05,2.3913190287488435,2.194532584820589,0.00396948705068767,1.632304676816483
2022-08-16,1.3105525692413891e-05,0.0011774334633413933,-0.0011643279376489795,2.3913503682418136,2.19711650092235,0.00187566614073531,1.6353663354301515
2022-08-17,-0.00566691526416179,-0.0063387445525024165,0.0006718292883406262,2.3777987883380653,2.1831895406709156,-0.007237758989129373,1.6235299480353724
2022-08-18,0.0014554131592946808,0.002684341819450323,-0.0012289286601556422,2.381259467984768,2.1890499676547255,0.00226951549353771,1.6272145744066613
2022-08-19,-0.01719623050642399,-0.016099736266680476,-0.0010964942397435132,2.3403107812776973,2.153806840500899,-0.01289994257354565,1.606223599841979
2022-08-22,-0.022744637578251986,-0.022852582713840087,0.00010794513558810143,2.2870812607370605,2.1045867915287175,-0.02140012486756471,1.5718502142401314
2022-08-23,-0.00010736098501495433,-0.0016591092897641191,0.0015517483047491649,2.2868357174400984,2.1010950520317775,-0.00223780144466279,1.5683327255599113
2022-08-24,0.0025547187563084097,0.001429068214564267,0.0011256505417441426,2.2926779395400385,2.1040976601864143,0.002916150971364218,1.5729062205609752
2022-08-25,0.014159479118707219,0.015588448896155533,-0.0014289697774483145,2.325141064950876,2.1368972790347507,0.01409158200044902,1.5950709575470265
2022-08-26,-0.035507348212219805,-0.03678353886490716,0.001276190652687352,2.242581471515134,2.0582946349210616,-0.03368801082131501,1.541336189868417
2022-08-29,-0.008689318635200605,-0.0086059079341095,-8.341070109110608e-05,2.223094966543742,2.040581140791659,-0.006666403789376107,1.5310610204515758
2022-08-30,-0.012002561089446034,-0.010695086591972854,-0.0013074744974731801,2.1964121334001607,2.0187569487929458,-0.01102810740805993,1.514176315069742
2022-08-31,-0.006635039222971586,-0.00718601669214162,0.0005509774691700338,2.18183885274524,2.004250127661543,-0.007817046982559583,1.502339927674963
2022-09-01,-0.0003077458957560253,0.0024382112619776,-0.002745957157733625,2.181167400793107,2.0091369128946273,0.002996207332490508,1.506841249582156
2022-09-02,-0.012153452729999398,-0.012681456293520642,0.0005280035635212444,2.1546586858913526,1.983658130946055,-0.01073647856611659,1.4906630808034769
2022-09-05,-0.00012770893403559657,-0.00012232558472283315,-5.38334931276342e-06,2.154383516727367,1.983415478805297,,
2022-09-06,-0.0046403369323429556,-0.004674879192309587,3.454225996663181e-05,2.1443864513282658,1.9741432510537253,-0.004095039574340209,1.4845587564955787
2022-09-07,0.015165104596959644,0.015975658894560978,-0.000810554297601334,2.176906296158962,2.0056814902415594,0.01834097114009303,1.5117870058042364
2022-09-08,0.005824089733049266,0.0051213482377394206,0.0007027414953098459,2.1895847937682316,2.015953283607075,0.006610768693449787,1.5217810800133713
2022-09-09,0.018491424765659476,0.017867209383885516,0.0006242153817739605,2.230073336250229,2.0519727430334136,0.01527140567822727,1.5450208162397063
2022-09-12,0.01163342208738633,0.012195101184502004,-0.0005616790971156738,2.2560167206566537,2.0769967582625464,0.01058426104401855,1.56137371987723
2022-09-13,-0.046087443941590645,-0.0477947277491216,0.0017072838075309557,2.152042676512099,1.9777272636655798,-0.0432365627759761,1.4938652870209987
2022-09-14,0.005023841909185865,0.004752510428852817,0.00027133148033304817,2.162854198700717,1.987126433111577,0.003386994652515352,1.4989250007597172
2022-09-15,-0.01142571492094087,-0.01255086703617986,0.0011251521152389893,2.1381420432108027,1.962186273465515,-0.01131776148565267,1.481960525116237
2022-09-16,-0.005693339330196933,-0.005334665827553508,-0.0003586735026434246,2.125968875022643,1.9517186654051641,-0.007182129262947479,1.4713168930622669
2022-09-19,0.00773215371848477,0.007852286785799568,-0.00012013306731479753,2.142407193165032,1.9670441200911235,0.006857148758303566,1.4814059318686
2022-09-20,-0.007628681053372841,-0.00776162063416049,0.0001329395807876492,2.126063452001924,1.95177666986032,-0.01127211280318163,1.4647073570972746
2022-09-21,-0.016749669069744247,-0.018145537676023237,0.0013958686062789903,2.090452592759614,1.9163606327621865,-0.01711649329733678,1.4396367034369593
2022-09-22,-0.006125490257076159,-0.006374373027514032,0.00024888277043787297,2.077647545769785,1.9041450352337175,-0.008427596288058115,1.4275040264989218
2022-09-23,-0.01804043086794412,-0.017952066727453163,-8.836414049095617e-05,2.0401658888523717,1.869961696502453,-0.01723261637204987,1.4029043972407094
2022-09-26,-0.006982565766813412,-0.006182635709287835,-0.0007999300575255771,2.0259202963582505,1.8584004045426565,-0.01034054201877488,1.3883976053727178
2022-09-27,0.0020783018409579485,-0.00033616232243525264,0.002414464163393201,2.030130770239806,1.8577756803466507,-0.002120359831903396,1.3854537028595746
2022-09-28,0.017437590412093494,0.015916013968150875,0.001521576443942619,2.0655313590942357,1.887344064024739,0.01967214013692353,1.4127085422554477
2022-09-29,-0.023794721912386168,-0.02565842235654727,0.0018637004441611031,2.016382614803275,1.83891779289787,-0.02112641972121843,1.3828630686480086
2022-09-30,-0.014450929884228438,-0.01624137234463844,0.0017904424604100015,1.9872440110169758,1.809051244312235,-0.01506673588849794,1.3620278360227311
2022-10-03,0.02151540399088739,0.021434935504577996,8.046848630939227e-05,2.0300003687424772,1.8478281410585444,0.02588394754603107,1.3972824930865777
2022-10-04,0.030706746112134257,0.030431124872361787,0.00027562123977246944,2.092335074672991,1.9040596299617614,0.03058370011118883,1.4400165618257519
2022-10-05,-0.0006106488701997504,-0.0007368383546250641,0.00012618948442531374,2.0910573926235627,1.9026566457969125,-0.002017974481195783,1.4371106451514881
2022-10-06,-0.007241584525360867,-0.008067496762440441,0.0008259122370795737,2.0759148237674987,1.88730696946691,-0.01024507834471677,1.4223873340018847
2022-10-07,-0.03185137817962398,-0.03378250275796151,0.00193112457833753,2.0097940756469925,1.8235490165657742,-0.0280035892450835,1.3825553833530866
2022-10-10,-0.010309191730193932,-0.008613716161123306,-0.0016954755690706258,1.9890747231829398,1.807841482931181,-0.007492458086744369,1.3721966450907108
2022-10-11,-0.010957051858950833,-0.010476792056084318,-0.00048025980286651483,1.967280328289696,1.788901103644148,-0.006519229651283376,1.363250980034644
2022-10-12,0.00028228609750421626,-0.001219659390160219,0.001501945487664435,1.9678356641762658,1.7867192536150205,-0.003290756901951575,1.3587648524630027
2022-10-13,0.02645084935456296,0.025356236442246143,0.0010946129123168176,2.0198865888839284,1.8320237294655966,0.02596567543464823,1.3940460996140647
2022-10-14,-0.02678520005376494,-0.02528897529189655,-0.0014962247618683887,1.9657835225147555,1.785693726636973,-0.02366270562493344,1.3610591971313104
2022-10-17,0.030152675018083528,0.03160868575248753,-0.001456010734404,2.0250571542250464,1.8421371584924295,0.02648008551326098,1.3971001610599578
2022-10-18,0.009670648440179163,0.009462902908669713,0.0002077455315094498,2.0446407700348264,1.859569123567696,0.01142756154923275,1.4130656091409135
2022-10-19,-0.0041993750360488575,-0.0037690436567917986,-0.00043033137925705886,2.0360545566274544,1.8525603263581474,-0.006672078882144605,1.4036375239310797
2022-10-20,-0.0027491786239083184,-0.004590806976581324,0.0018416283526730055,2.030457078963263,1.8440555794873645,-0.007950941231232078,1.3924772844683515
2022-10-21,0.022910054614216194,0.024955251699979985,-0.0020451970857637905,2.0769749615341335,1.8900744506222242,0.02372482800386266,1.425513568541649
2022-10-24,0.0074350111217394545,0.00992820869461451,-0.0024931975728750546,2.092417293472714,1.9088395042163604,0.01188195323429486,1.4424514540979136
2022-10-25,0.01799819785960552,0.016521844561155716,0.0014763532984498028,2.130077033925496,1.9403770537972165,0.01626664981276371,1.4659153067736361
2022-10-26,-0.01571908829050466,-0.017804674085870022,0.0020855857953653613,2.096594164963645,1.9058292727506563,-0.007387713747470381,1.4550855441091572
2022-10-27,-0.01083889608278615,-0.014673188445630073,0.003834292362843923,2.073869398681828,1.877864680686388,-0.006082598026418751,1.4462348436502885
2022-10-28,0.02725722789186154,0.02587483745033684,0.001382390441524703,2.1303973294996563,1.9264541240528767,0.02462637564678372,1.481850366183488
2022-10-31,-0.007838785227180359,-0.009332810343493802,0.0014940251163134428,2.11369760238515,1.9084748930776498,-0.007454384193014141,1.4708040842373977
2022-11-01,-0.005643410661318783,-0.01014376635076241,0.004500355689443627,2.1017691388010458,1.889115769675974,-0.00410126085362017,1.4647719330233702
2022-11-02,-0.028974383511328267,-0.027761976692011203,-0.0012124068193170648,2.04087167372115,1.8366701817097189,-0.02500194497030672,1.42814978575987
2022-11-03,-0.011401267196982754,-0.014931541375936183,0.0035302741789534284,2.0176031504543017,1.809245864897572,-0.01058597916317572,1.4130314218859221
2022-11-04,0.00927216430617584,0.013891642950650623,-0.004619478644474784,2.0363106983699724,1.83437926246267,0.013618682272863,1.4322750478621584
2022-11-07,0.0068353770537881945,0.009967214357360801,-0.0031318373035726065,2.050229649791994,1.852662913784333,0.00961398204505981,1.4460449144558924
2022-11-08,0.006300333212787661,0.004822348663048974,0.0014779845497386868,2.06314677974842,1.8615971003097012,0.005597877482399927,1.454139696721064
2022-11-09,-0.022464816180904634,-0.02270511754063826,0.00024030135973362662,2.0167985665871466,1.819329319333858,-0.02077787733372338,1.423925760476496
2022-11-10,0.0614256534417457,0.06405322224995723,-0.002627568808211529,2.140681736400138,1.935863224571013,0.05543447234545429,1.5028603336676103
2022-11-11,0.013602477635275471,0.012623609328634726,0.0009788683066407448,2.1698003118437637,1.9603008056316684,0.009240793960120008,1.51674795636187
2022-11-14,-0.01012370584852919,-0.009646864982654184,-0.0004768408658750063,2.1478338917366107,1.9413900484343514,-0.008935794015923149,1.5031946090497479
2022-11-15,0.01289515816662277,0.012100380913591459,0.0007947772530313112,2.1755305494861874,1.964881607522263,0.008713121485880437,1.5162921262953188
2022-11-16,-0.007997462710626626,-0.006865324216319707,-0.0011321384943069187,2.1581318250408428,1.9513920582399393,-0.008252061136399536,1.5037795909684886
2022-11-17,-0.004401498746980297,-0.0013569361336059917,-0.0030445626133743056,2.1486328105171073,1.9487441438452817,-0.003089327799655983,1.4991339228735543
2022-11-18,0.0015398715027361335,0.001997929877819973,-0.0004580583750838393,2.1519414289518664,1.9526375979944968,0.004758574556069206,1.5062676634150807
2022-11-21,-0.010142881151397339,-0.009727632048415827,-0.0004152491029815117,2.1301145427932395,1.9336430579173036,-0.003883651843221592,1.5004178442276737
2022-11-22,0.016344267922276043,0.014350547709272986,0.001993720213003057,2.164929705585789,1.9613918948726503,0.01357995311321192,1.520793448202512
2022-11-23,0.008492746972735858,0.009053939883959299,-0.0005611929112234407,2.1833159057890885,1.9791502191777124,0.005914706337827758,1.5297884948491225
2022-11-24,0.00016934924312911974,0.00014558873391305356,2.376050921606618e-05,2.1836856486852456,1.979438361152346,,
2022-11-25,-0.0026069627653689895,-0.0033497573473179267,0.0007427945819489371,2.1779928615078528,1.972807722958513,-0.0002830708720074071,1.5293554562858986
2022-11-28,-0.017059023774620846,-0.015448119086824287,-0.001610904687796559,2.140838429502436,1.9423315543188433,-0.01544414970244301,1.5057358616707712
2022-11-29,-0.0035290255167395265,-0.006154343382716814,0.002625317865977287,2.1332833560575053,1.930377778970479,-0.001591850532550954,1.5033389552374896
2022-11-30,0.037587243153267835,0.03953696504203859,-0.001949721888770753,2.213467596276458,2.006699057735563,0.03094781472750108,1.5498640106968145
2022-12-01,-0.003060786609582937,-0.0020497966811994918,-0.001010989928383445,2.2066926442970294,2.00258573266685,-0.0008676236670089876,1.5485193120004885
2022-12-02,-0.004508028995645885,-0.003542711915247663,-0.0009653170803982222,2.19674480987206,1.9954911483304263,-0.001194631761505471,1.5466694016470681
2022-12-05,-0.021108008783460516,-0.017172528771551336,-0.00393548001190918,2.1503759011302592,1.9612235191723462,-0.01789424564678133,1.5189929194396352
2022-12-06,-0.018781073699831796,-0.018308914143001512,-0.00047215955683028304,2.1099895328487897,1.9253156461445844,-0.01439917576097072,1.4971206734129539
2022-12-07,-0.0036049793913640014,-0.004669645525873386,0.0010646661345093842,2.102383064066876,1.9163251045516714,-0.001862348589029894,1.4943325128392158
2022-12-08,0.006897582920215654,0.008198209134299717,-0.001300626214084063,2.116884425581334,1.932035538528095,0.007521759466384781,1.5055725225635908
2022-12-09,-0.006916329409902391,-0.005719023061520233,-0.0011973063483821586,2.1022433555713214,1.920986182727576,-0.007349546235533633,1.4945072476980605
2022-12-12,0.014175910211319224,0.012770714306384916,0.0014051959049343078,2.132044568622243,1.9455185484537028,0.01427925111453399,1.5158476919804322
2022-12-13,0.010172184055706308,0.007968083511783757,0.0022041005439225516,2.1537321183892377,1.961020602721506,0.007289703700733785,1.5268977725104107
2022-12-14,-0.005353318712177802,-0.005201567765091158,-0.00015175094708664433,2.1422025039388464,1.9508202211677101,-0.006052765788066128,1.5176558179110853
2022-12-15,-0.028206074309418693,-0.02877365521800381,0.0005675809085851184,2.0817793809269247,1.8946879927315206,-0.02492165834025817,1.4798333181390002
2022-12-16,-0.011724062098572385,-0.010342676225086712,-0.0013813858734856733,2.05737247018941,1.875091848275139,-0.01113777834819996,1.4633512626492868
2022-12-19,-0.011945062016557642,-0.010322629234622703,-0.0016224327819349387,2.032797028441839,1.8557359703445315,-0.009007465553582783,1.4501701765581816
2022-12-20,0.00036776213560237264,-0.000895848036206289,0.0012636101718086616,2.033544614218265,1.8540735129197812,0.001037284619374246,1.4516744157778005
2022-12-21,0.014105550597830837,0.01386215045914774,0.00024340013868309578,2.0622288806670674,1.879774958918196,0.01486804025517974,1.4732579694289993
2022-12-22,-0.01935799286111339,-0.019821839404776984,0.0004638465436635937,2.0223082687171323,1.8425143615653983,-0.01445168676065645,1.4519669067371708
2022-12-23,0.005584045646995635,0.00394510519764492,0.0016389404493507148,2.033600930401945,1.8497832745499454,0.005868056373107056,1.4604871303977904
2022-12-26,-8.10327645649942e-05,-8.398046674572487e-05,2.9477021807306723e-06,2.033436142096533,1.8496279288871702,,
2022-12-27,-0.008588123182901738,-0.009876986011060598,0.0012888628281588592,2.0159727420236435,1.8313591797078848,-0.004049604402806883,1.4545727352842888
2022-12-28,-0.0126185026487241,-0.012098286058585586,-0.0005202165901385149,1.9905341846386626,1.8092028724757623,-0.01202063067180259,1.4370878536481626
2022-12-29,0.022381701719918358,0.0204684897669288,0.0019132119529895568,2.035085727022546,1.8462345229573305,0.01746131602180157,1.4621812988118057
2022-12-30,-0.0016327990549470813,-0.0017456843370601207,0.00011288528211303938,2.0317628409707273,1.8430115802680642,-0.002540734890680851,1.4584662837694136
2023-01-02,7.826203170081244e-05,8.121208745593623e-05,-2.9500557551237884e-06,2.031921850858596,1.8431612550857035,,
2023-01-03,-0.00705923903064325,-0.0067995427034209825,-0.00025969632722226774,2.017578028821798,1.8306286014224573,-0.004000520901158988,1.4526316589175583
2023-01-04,0.007500973371095198,0.00395834551298584,0.0035426278581093583,2.032711827890097,1.8378748619328416,0.00753894993384141,1.4635829762664507
2023-01-05,-0.014709294804818683,-0.013443460237390068,-0.001265834567428615,2.0028120703604197,1.8131674643051485,-0.01164556173549236,1.4465387303613242
2023-01-06,0.023244046844203493,0.02444801326417894,-0.0012039664199754475,2.0493655279440133,1.8574958065226583,0.02284078674404566,1.4795788130185097
2023-01-09,0.0067976641513593115,0.003917058926162171,0.00288060522519714,2.06329642652635,1.8647717270519066,-0.0007676350678290644,1.4784430364360197
2023-01-10,0.0073250613641293125,0.007335595924655597,-1.0534560526284653e-05,2.078410199463044,1.8784509389332813,0.006978255898501873,1.4887599902756283
2023-01-11,0.01742343640024095,0.01707569859079881,0.00034773780944213906,2.1146232473870006,1.9105268009841088,0.01284939720609812,1.5078896587352266
2023-01-12,0.007124927054061193,0.00549554535951378,0.0016293816945474127,2.129689783771455,1.9210261876794836,0.00341595270064321,1.5130405384872552
2023-01-13,0.004578121668671752,0.005954235379546564,-0.0013761137108748121,2.1394397627180877,1.9324644297712001,0.003996816605869258,1.5190878840368345
2023-01-16,9.642885127140972e-05,8.543412260788887e-05,1.0994728663520848e-05,2.139646066436771,1.9326295281742287,,
2023-01-17,-0.0010900293731853385,-0.0004931785648338631,-0.0005968508083514754,2.1373137893761345,1.9316763967171682,-0.002030461930089156,1.516003433919838
2023-01-18,-0.013921712952046686,-0.013744464257475148,-0.00017724869457153708,2.1075587203119888,1.9051265395254808,-0.01556263264319191,1.4924104293919263
2023-01-19,-0.007522815209469152,-0.007003871883378573,-0.000518943326090579,2.0917039455159765,1.89178327732102,-0.007638348019527341,1.4810108791442584
2023-01-20,0.02444450971346748,0.02299954262928508,0.001444967084182399,2.1428346229298403,1.9352934274531333,0.01891839901509429,1.5090292339016051
2023-01-23,0.018679660893169536,0.015888720918719977,0.0027909399744495585,2.1828620470363127,1.9660427646177692,0.01188135759613962,1.5269585498526188
2023-01-24,-0.003007343024714528,0.0003661248625142725,-0.0033734678872288006,2.176297432085244,1.966762581754662,-0.0007114764130643492,1.5258721548606717
2023-01-25,-0.0024036645633605832,-0.002372821952523327,-3.084261083725632e-05,2.171066343068408,1.962095804325273,-0.0001817299194663002,1.525594858236853
2023-01-26,0.017891658336923903,0.016575758719772713,0.0013158996171511901,2.209910320305383,1.9946190309628473,0.01100786311506852,1.5423883976053767
2023-01-27,0.008210922296470271,0.008032385771090899,0.00017853652537937192,2.2280557222275785,2.0106405804859,0.002494809663015962,1.5462363630838463
2023-01-30,-0.016980125133281985,-0.017459256349825265,0.00047913121654328053,2.1902230572602295,1.9755362911638354,-0.01296873157501666,1.5261836387394818
2023-01-31,0.015242845899623087,0.013483055359991713,0.001759790539631375,2.2236082898078484,2.00217255634327,0.01464245091182415,1.5485307077521537
2023-02-01,0.016426981887785512,0.014516655824345004,0.0019103260634405084,2.2601354629100516,2.0312374062446543,0.01045233773242416,1.564716473698609
2023-02-02,0.02583478564371347,0.026934985357018153,-0.0011001997133046823,2.318525578120088,2.0859487560384817,0.01469942051995421,1.5877168991400048
2023-02-03,-0.011844781105122146,-0.010328999833439751,-0.0015157812716823944,2.2910631501606287,2.0644029916847964,-0.01035466151166586,1.5712766280730583
2023-02-06,-0.008718086560587283,-0.008007537455481396,-0.0007105491051058871,2.2710894633017564,2.0478722074056726,-0.006140486597300043,1.561628224997725
2023-02-07,0.017994657674112794,0.01734623154369152,0.000648426130421275,2.311956940741156,2.083395072887222,0.01287252984617182,1.5817303309326325
2023-02-08,-0.011221227075147692,-0.01318457241439857,0.0019633453392508774,2.286013946921136,2.0559263996809394,-0.01108069164265135,1.5642036648737392
2023-02-09,-0.006846400982582596,-0.00769340581990403,0.0008470048373214337,2.2703629787887376,2.0401093235523398,-0.008829829085981511,1.5503920138572382
2023-02-10,-0.004479061310140186,-0.00245115206067541,-0.0020279092494647766,2.2601938838104703,2.0351087053799115,0.002195271346318695,1.5537955450208203
2023-02-13,0.012677436881368218,0.013492659302797676,-0.0008152224214294582,2.288847349112132,2.0625677337857606,0.01144859013411703,1.5715843133679805
2023-02-14,0.00439861740376557,0.0036887719529548123,0.0007098454508107578,2.2989151128964993,2.0701760757932193,-0.0002803767683676739,1.5711436776369812
2023-02-15,0.002610731814603441,0.001710131035856086,0.0009006007787473549,2.3049169637208107,2.07371634815012,0.002773123668743604,1.575500653356433
2023-02-16,-0.016476441162295703,-0.016804006340179825,0.0003275651778841225,2.2669401349840874,2.038869605488071,-0.01378869707782826,1.5537765521013807
2023-02-17,-0.0044383928821659585,-0.0039216605319862445,-0.000516732350179714,2.2568785640246776,2.030873851026362,-0.002767448739857348,1.5494765551402478
2023-02-20,0.00011554441272859668,4.344810525262489e-05,7.209630747597179e-05,2.2571393337329573,2.0309620886471964,,
2023-02-21,-0.021842037698734416,-0.021329234472230556,-0.00051280322650386,2.2078388113142657,1.9876432220542293,-0.02004123468714836,1.518423131856448
2023-02-22,-0.0006154236090575918,-0.0013969583832884724,0.0007815347742308805,2.206480055184789,1.9848665671921941,-0.001573546408361604,1.5160338225909422
2023-02-23,0.010759102689041422,0.008891224583483414,0.0018678781055580084,2.230219800679844,2.0025144616093478,0.00532942458751462,1.5241134105205623
2023-02-24,-0.01400769700849153,-0.013056622954582837,-0.0009510740539086932,2.1989795574495825,1.976368385323015,-0.01053754436336085,1.5080529978424086
2023-02-27,0.004676788368893987,0.005185316820372789,-0.0005085284514788025,2.2092637194672986,1.9866164815546834,0.003073016896555147,1.512687270185679
2023-02-28,-0.0006903414565364012,-0.0019106861025275576,0.0012203446459911563,2.2077385731333288,1.9828206810523248,-0.00303597975009029,1.508094782265176
2023-03-01,-0.0035877255406212634,-0.006231276594638942,0.002643551054017679,2.1998178130674835,1.9704651769511174,-0.004725262269687613,1.5009686388914256
2023-03-02,0.00931487106743483,0.006585839712216205,0.0027290313552186243,2.2203088323680538,1.9834423447650213,0.007582141980416957,1.5123491962196536
2023-03-03,0.016410782976691313,0.019889974909616262,-0.0034791919329249486,2.256745838757277,2.022892963237068,0.0161477890665227,1.5367702920351336
2023-03-06,0.00024708130412011,0.003015450292027799,-0.002768368987907689,2.257303438462185,2.0289928964138024,0.0006871595099910977,1.5378262983559774
2023-03-07,-0.013898876454827317,-0.014533831786424265,0.0006349553315969474,2.225929456849942,1.9995038549614743,-0.01532696706369407,1.5142560853313927
2023-03-08,0.0007989902513818506,0.001937723399524756,-0.0011387331481429053,2.227707952786229,2.0033783403686733,0.001414821002566402,1.5163984866441835
2023-03-09,-0.016547766618930464,-0.017240033129030198,0.0006922665100997337,2.1908443614883875,1.968840031410736,-0.018459372596762,1.4884067219740524
2023-03-10,-0.012639023832762462,-0.012080969041045168,-0.0005580547917172947,2.1631542273896622,1.9450545359444924,-0.01447814369423628,1.466857355577845
2023-03-13,0.003871952736501104,0.0050807025538211325,-0.0012087498173200283,2.171529858319878,1.954936779492587,-0.001509740806248216,1.4646427811711837
2023-03-14,0.01835225614665943,0.020979184168236603,-0.0026269280215771747,2.211382330509883,1.995949758226821,0.01647664792414449,1.4887751846111812
2023-03-15,-0.0012717084737974603,7.721110035319983e-05,-0.0013489195741506602,2.2085700968613677,1.9961038677039036,-0.006980856226510457,1.478382259093814
2023-03-16,0.022672717716226747,0.02219934219400597,0.00047337552222077514,2.258644383224005,2.040416060517841,0.01756198081671578,1.5043455799677925
2023-03-17,-0.005299047736385863,-0.004735603214391473,-0.0005634445219943902,2.246675718817781,2.030753459662957,-0.01101942286909019,1.4877685598808807
2023-03-20,0.002329914175836135,0.004338780188802418,-0.0020088660129662828,2.2519102804235613,2.0395644525420846,0.008918358593079878,1.5010370134014084
2023-03-21,0.013771707863181474,0.014587362017126229,-0.0008156541539447552,2.2829229309396495,2.069316317568578,0.01298218176572852,1.5205237487464718
2023-03-22,-0.01215849260916759,-0.011568097962298985,-0.0005903946468686048,2.2551660293565208,2.0453782636919606,-0.01646318766285193,1.4954910809250355
2023-03-23,0.01069799086796828,0.009737109764052032,0.0009608811039162474,2.2792917749443293,2.065294336354535,0.002984528711166279,1.4999544169933494
2023-03-24,0.00414158193470395,0.002970216109711603,0.0011713658249923467,2.288731648583358,2.0714287068636716,0.005639802265037686,1.5084138633117619
2023-03-27,-0.0032492226335025026,-0.0040180711077289245,0.000768848474226422,2.2812950499087674,2.0631055590249026,0.00164694446473046,1.5108981371744659
2023-03-28,-0.002063635620241447,-0.004163011564551957,0.0020993759443105097,2.276587288183495,2.0545168267237903,-0.001573841052110336,1.5085202236606237
2023-03-29,0.016715395877678993,0.014913579232561022,0.0018018166451179707,2.3146413459555735,2.0851570262037655,0.01423725911358331,1.5299974169629607
2023-03-30,0.007074007548990812,0.006817333384421632,0.00025667416456918047,2.3310151363100693,2.099372236810266,0.005715264622710547,1.5387417570729676
2023-03-31,0.015159602350131734,0.015566739018214114,-0.00040713666808238,2.366352398848668,2.132052616522776,0.01443654757173229,1.5609558756495625
2023-04-03,0.0009158535801055732,0.0028653807451622998,-0.0019495271650567265,2.368519631164945,2.1381617590378332,0.003698917823186765,1.5667297231592108
2023-04-04,-0.00621692113441654,-0.0035503674431668773,-0.0026665536912496624,2.353794731412675,2.130570499140321,-0.005797052255904322,1.5576473090831784
2023-04-05,-0.0038096255562099514,-0.00570081410557912,0.0018911885493691689,2.344827654849813,2.118424512785891,-0.002492318197337084,1.5537651563497172
2023-04-06,0.0011979464952989185,0.006827541715742838,-0.0056295952204439195,2.3476366329210205,2.132888144518589,0.003579129567424122,1.559326283161642
2023-04-07,0.0018884213208525806,0.0008175442499585273,0.0010708770708940532,2.352069959992243,2.134631874956945,,
2023-04-10,-0.0011404925138568365,-0.002622853847326445,0.0014823613334696087,2.3493874418108045,2.1290330475310886,0.0009963410653295313,1.5608799039718035
2023-04-11,-0.004309527906950175,-0.004375177861889517,6.56499549393421e-05,2.3392626910660828,2.1197181492742994,-4.137148920324574e-05,1.5608153280457089
2023-04-12,-0.0053708550377745004,-0.0057561591639668265,0.00038530412619232606,2.3266988502570927,2.107516714224327,-0.004134886369720592,1.5543615340201218
2023-04-13,0.016173198118921882,0.018385844617886345,-0.002212646498964462,2.3643290117253684,2.146265189061654,0.01326262539864875,1.5749764487798996
2023-04-14,-0.0003184468410655825,3.305879100145934e-05,-0.00035150563206704183,2.3635760986203445,2.146336141993973,-0.002069354737568196,1.5717172638040586
2023-04-17,0.001001922915342369,0.0007870136407571513,0.00021490927458521784,2.3659442196757077,2.1480253378153717,0.003306232538355047,1.576913726562742
2023-04-18,-0.0001268845542963018,0.0006681416528090399,-0.0007950262071053417,2.365644017897904,2.1494605230148554,0.0008551496873283604,1.578262223842956
2023-04-19,-0.0003903387733661021,-0.0006410798216711132,0.0002507410483050111,2.364720615313737,2.1480825472460716,-8.423849602978706e-05,1.5781292734068788
2023-04-20,-0.0034106210903770387,-0.005016081785932917,0.0016054606955558785,2.3566554493102987,2.13730758950615,-0.005952552882162232,1.5687353754520361
2023-04-21,0.0007563481662400034,0.00013223256125626778,0.0006241156049837356,2.3584379013378443,2.137590211162903,0.0009031936248575789,1.570152247242233
2023-04-24,-0.00020740004343519703,-0.0012281770263349843,0.0010207769828997873,2.3579487612146677,2.134964871973834,0.0008515744450250384,1.571489348770783
2023-04-25,-0.017143335547362745,-0.016215732865598853,-0.0009276026817638915,2.3175256543976763,2.100344851932469,-0.01581082126351208,1.5466428115598552
2023-04-26,0.0066464057271590354,0.0040860598581883,0.002560345868970735,2.332928870179903,2.108926986720302,-0.003841213469789828,1.5407018263591379
2023-04-27,0.021904864847764056,0.024271639998996706,-0.0023667751512326494,2.384031361780641,2.160114103326146,0.01956612319063922,1.5708473880937237
2023-04-28,0.005821164595030691,0.005823590572409462,-2.4259773787711422e-06,2.3979092007372813,2.1726937234536052,0.008253231286347917,1.5838119549032168
2023-05-01,-0.0029041459955326115,-0.001029738906123564,-0.0018744070894090475,2.3909453223343093,2.1704564161954747,-0.0003861392787588569,1.5832003828972607
2023-05-02,-0.009702090114333473,-0.009315594507558584,-0.0003864956067748896,2.3677481553585777,2.150237324325869,-0.01158625388987655,1.5648570213024633
2023-05-03,-0.005636108236377562,-0.004729703109661799,-0.0009064051267157636,2.3544032704784934,2.1400673401664942,-0.006998286233062534,1.553905703953571
2023-05-04,-0.005876782696557935,-0.004677644299249574,-0.0011991383973083613,2.340566954077826,2.130056866372754,-0.007218725172645657,1.5426884857325238
2023-05-05,0.01900569552622809,0.02076255683893348,-0.0017568613127053913,2.3850510569657803,2.1742822931309793,0.01847474404243066,1.571189260643637
2023-05-08,0.003265437995810564,0.002819086205058302,0.00044635179075226206,2.3928392933091445,2.1804117823494473,0.0004521003324267081,1.5718995958306794
2023-05-09,-0.003457504972656497,-0.0045768448295721844,0.0011193398569156873,2.3845660395537602,2.1704323759570627,-0.004579374208577791,1.5647012793630586
2023-05-10,0.007480168723456197,0.00950934069090883,-0.0020291719674526334,2.4024029958618462,2.191071756866617,0.004483913021312569,1.571717263804059
2023-05-11,0.0005812165750045461,0.0021886664987979007,-0.0016074499237933547,2.4037993123028816,2.1958672822173333,-0.001696619328892868,1.5690506579147345
2023-05-12,-0.0024903725323323217,-0.0025587663747729996,6.839384244067791e-05,2.397812956522283,2.1902485708521313,-0.001583297422662944,1.5665663840520305
2023-05-15,0.004542122730469519,0.0030167820228493513,0.0015253407076201678,2.4087041172555175,2.1968560733662494,0.002958235533743192,1.571200656395301
2023-05-16,-0.001035925294183097,0.0006053411618403552,-0.0016412664560234522,2.40620887973425,2.198185920774097,-0.006377711373504735,1.5611799920989504
2023-05-17,0.014999499768345933,0.01402056386614491,0.0009789359022010224,2.4423008092684158,2.2290057268659704,0.01189080026278022,1.5797436715592479
2023-05-18,0.013167834226746262,0.0138045871651542,-0.0006367529384079373,2.4744606214567106,2.25977623071412,0.009445100354191105,1.5946645090710232
2023-05-19,-0.0015863656193459185,-0.0012458441244147713,-0.00034052149493114716,2.4705352222004064,2.2569609017745926,-0.001445909410321633,1.5923587686510514
2023-05-22,0.003688565034412899,0.0008217205495001731,0.002866844484912726,2.4796479520373005,2.2588154929269995,0.0001550579916889117,1.5926056766037666
2023-05-23,-0.011118825116790968,-0.012148844968014305,0.0010300198512233367,2.452077180107389,2.2313734936920806,-0.01122207301860645,1.574733339411072
2023-05-24,-0.003785776118960133,-0.003304419583912609,-0.0004813565350475237,2.4427941648770912,2.224000099420501,-0.007318638164020563,1.5632084358951026
2023-05-25,0.020383840558024682,0.022200654279166135,-0.0018168137211414526,2.4925876916500194,2.273374356744567,0.00875769092446621,1.5768985322271902
2023-05-26,0.022650923083341132,0.019601727820023656,0.0030491952633174765,2.5490471037320668,2.317936422118495,0.01304898730030257,1.5974754611480886
2023-05-29,0.0,0.0,0.0,2.5490471037320668,2.317936422118495,,
2023-05-30,0.0034260351359281945,0.002949691709022328,0.0004763434269058663,2.5577802286725886,2.3247736199648585,1.664506770993057e-05,1.5975020512353044
2023-05-31,-0.007780564006388723,-0.006739338450295256,-0.001041225556093467,2.537879255889126,2.309106183719597,-0.006108638170785219,1.5877434892272209
2023-06-01,0.009256053247996731,0.011881681266525007,-0.0026256280185282758,2.5613700014186223,2.336542247405115,0.009854467765435526,1.6033898562615907
2023-06-02,0.010551836367064157,0.009888484866616988,0.0006633515004471693,2.588397158549099,2.3596471100587917,0.01453440163751885,1.6266941684140204
2023-06-05,-0.002173523197881268,-0.0009772161680063176,-0.0011963070298749504,2.5827712172796624,2.357341224752053,-0.002003563447343426,1.6234349834381794
2023-06-06,0.0004036704291071322,0.00164049861842685,-0.0012368281893197178,2.583813805645227,2.361208439774419,0.002353882619408054,1.6272563588294335
2023-06-07,-0.010655295867864368,-0.012624106095608352,0.001968810227743985,2.5562825050786047,2.331400293916861,-0.00381199154965739,1.6210532713404495
2023-06-08,0.009803020082147174,0.01019276241674699,-0.0003897423345998168,2.581341793811532,2.35516370321109,0.006188606028794119,1.6310853313884635
2023-06-09,0.006508532572663314,0.004210424941201033,0.0022981076314622815,2.5981425409577317,2.365079943207701,0.001148132363592236,1.6329580332452112
2023-06-12,0.010128080164570726,0.013804461524752164,-0.003676381360181438,2.624456736891533,2.3977285982866747,0.009321075820101221,1.6481789588841331
2023-06-13,0.00782454460191583,0.0056300483709495735,0.002194496230966257,2.6449919156851394,2.4112279262754375,0.006932584761680793,1.6596050992190161
2023-06-14,0.005485582207380661,0.004864465247847228,0.0006211169595334333,2.6595012362764874,2.4229572607274434,0.0008194076003487094,1.6609649922508936
2023-06-15,0.010053509320658611,0.011107662559900746,-0.0010541532392421352,2.6862385567436964,2.4498706523766653,0.01217813698517345,1.6811924514541026
2023-06-16,-0.003862849253993366,-0.005921554950592061,0.0020587056965986946,2.675862022138731,2.435363608686774,-0.003671619398803339,1.675019752636222
2023-06-19,-0.0013523096975496182,-0.0002324194573601588,-0.0011198902401894594,2.672243427976888,2.4347975827983683,,
2023-06-20,0.00403180207861893,-0.0004442430060097024,0.004476045084628633,2.683017384584381,2.433715941001161,-0.004735134105438354,1.6670883094782314
2023-06-21,-0.012092243743116533,-0.009931535052974625,-0.002160708690141908,2.6505736844029677,2.4095454058241246,-0.005245277085977551,1.6583439693682243
2023-06-22,0.009734351703857877,0.010073951171247682,-0.00033959946738980513,2.6763753008639366,2.433819048587301,0.003710753626574581,1.6644976752666656
2023-06-23,-0.006907110250032106,-0.007568571002159248,0.0006614607521271418,2.6578892815904065,2.4153985163116602,-0.007658795633847637,1.6517496277387838
2023-06-26,-0.011005116195865874,-0.012440039100493095,0.0014349229046272203,2.6286389012107576,2.38535086432547,-0.004486779982200151,1.644338590573439
2023-06-27,0.01259070469725377,0.013588728557828682,-0.0009980238605749123,2.661735317371616,2.417764749735971,0.01145577778701812,1.6631757680736667
2023-06-28,0.0001761829651903828,0.0009323801343253398,-0.000756197169134957,2.6622042697923822,2.420019025558097,-0.0003540097889417337,1.662586987571038
2023-06-29,0.0028275722688403185,0.0022717412141101136,0.0005558310547302049,2.669731844759635,2.425516682517388,0.004473526683512752,1.670024614823598
2023-06-30,0.0135828608900577,0.014352841623536521,-0.000769980733478821,2.7059944410207626,2.4603297393168058,0.01226901765974309,1.6905141763150744
2023-07-03,0.002216591938544047,0.002018487739106658,0.00019810419943738907,2.7119925264844738,2.4652958847297763,0.001170686548114919,1.6924932385206841
2023-07-04,8.323715362028903e-05,7.752148741948972e-06,7.548500487834005e-05,2.7122182650230178,2.465314996070168,,
2023-07-05,-0.00011720342312795354,-0.000597841458632765,0.00048063803550481147,2.711900383758087,2.463841128556928,-0.001968313960665213,1.6891618804509725
2023-07-06,-0.008782827160117725,-0.007398040581369372,-0.0013847865787483529,2.688082231412083,2.445613531901817,-0.007922515415510367,1.675779469413807
2023-07-07,-0.0036385014036315706,-0.005003048395024798,0.0013645469913932274,2.678301640440013,2.433378009046185,-0.002865180127799793,1.6709780593794676
2023-07-10,-0.001480849764137579,-0.0036891150698400896,0.0022082653057025107,2.674335478087478,2.4244009975623952,0.002405119403493972,1.6749969611328939
2023-07-11,0.00860261085902022,0.004980478220816565,0.003622132638203655,2.697341745511937,2.4364756739292805,0.006742215156717579,1.6862901510316999
2023-07-12,0.011946024874830931,0.011415767557021835,0.000530257317809096,2.7295642570997423,2.4642899138811956,0.007411145100759908,1.6987874920229782
2023-07-13,0.012931769635562253,0.012915412337659521,1.6357297902731827e-05,2.7648623532780205,2.4961172342385067,0.00847017995778332,1.7131765277904443
2023-07-14,0.0016869226664594846,0.0027029857345124584,-0.0010160630680529738,2.769526462251406,2.5028642035143243,-0.001024381158481913,1.7114215820342222
2023-07-17,0.004353504646281246,0.006512863971740947,-0.0021593593254597013,2.7815836085728165,2.5191650176115528,0.003855356437357571,1.7180197222475506
2023-07-18,0.007299961919627155,0.006826484099660506,0.0004734778199666483,2.8018890629916573,2.536362057548699,0.007117288222535212,1.7302473637827864
2023-07-19,0.0012815821888056572,0.00034195937966572076,0.0009396228091399365,2.805479914109797,2.537229390344506,0.00235785887095008,1.7343270428784197
2023-07-20,-0.014705121747657026,-0.01595711243829002,0.001251990690632995,2.764224990412206,2.4967425356810447,-0.006756875147840957,1.722608411584166
2023-07-21,-0.004142373794444105,-0.00338848816522182,-0.0007538856292222847,2.752774537249975,2.4882823531472833,0.0003241548269299344,1.723166803415691
2023-07-24,0.0039432382167695675,0.005623591590153288,-0.0016803533733837205,2.7636293830074092,2.502275436862369,0.004034089155574794,1.730118211930597
2023-07-25,0.004782541408633475,0.00496574196921445,-0.00018320056058097542,2.7768465549697585,2.5147010910177308,0.002814712029929778,1.7349879964749186
2023-07-26,-0.0007783282016063628,-0.0011553182520698997,0.0003769900504635369,2.774685256984492,2.5117958109487777,-0.0001554474478155932,1.734718297018876
2023-07-27,0.0009889350913510281,-0.0034193601408034945,0.004408295232154523,2.7774292406025785,2.503207076470982,-0.006424700279192064,1.723573251891699
2023-07-28,0.014377110003766944,0.014920950335255761,-0.0005438403314888176,2.8173606463224004,2.5405573049378667,0.009877881875342887,1.740598504877386
2023-07-31,-0.0007506603655519035,-0.0001439515034836798,-0.0006067088620682237,2.8152457653497405,2.5401915878941344,0.001468717196648983,1.7431549518339609
2023-08-01,-0.0011924527357449158,-0.001651597682861084,0.00045914494711616813,2.811888717835055,2.5359962133535454,-0.00266509187266839,1.7385092837390266
2023-08-02,-0.008125484149232365,-0.018970372584516854,0.01084488843528449,2.7890407606288807,2.487887420313305,-0.01383957541738301,1.7144490533928998
2023-08-03,0.0008367874268476814,-0.00018151366183964243,0.0010183010886873239,2.791374594870341,2.487435834757399,-0.002547973917609636,1.7100806819217842
2023-08-04,-0.0006991267365669615,-0.004210096965483475,0.0035109702289165138,2.7894230702592933,2.4769634886976517,-0.00529999622380839,1.701017260765191
2023-08-07,0.008306468672037541,0.0080351712442603,0.0002712974277772409,2.812593325605461,2.4968663144951178,0.00902405745383561,1.716367338256302
2023-08-08,-0.004705504979065706,-0.004119088658044513,-0.0005864163210211933,2.7993586537077375,2.4865815007784273,-0.004218270022397053,1.709127237365914
2023-08-09,-0.011072061518525151,-0.010534030562571748,-0.0005380309559534033,2.76836398248147,2.4603877752529018,-0.007038747560775049,1.6970971221928506
2023-08-10,-0.0010065688919699142,0.0008826485206127205,-0.0018892174125826346,2.765577433415054,2.4625594328828626,0.000250687712497033,1.6975225635882984
2023-08-11,-0.0035858589262708425,-0.003295781892786669,-0.00029007703348417346,2.7556604628891495,2.454443374094056,-0.001069631201007781,1.6957068404898696
2023-08-14,0.010740831796587722,0.010594252665949285,0.00014657913063843668,2.785258548409549,2.4804463673534736,0.005750383620255262,1.7054578053301774
2023-08-15,-0.009337637313487896,-0.010551518625578533,0.0012138813120906363,2.759250814260209,2.4542738913085946,-0.01155083167769944,1.6857583492873898
2023-08-16,-0.011202509707723534,-0.009119311498168813,-0.0020831982095547204,2.728340280227415,2.431892603191929,-0.0075554433893813,1.673021697511172
2023-08-17,-0.008553664209394183,-0.008679127050216314,0.00012546284082213047,2.705002973621385,2.4107858983163446,-0.007712864385729601,1.6601179080438853
2023-08-18,0.0016395124497342601,-0.0011195540238844216,0.0027590664736186817,2.709437859673206,2.4080868932631607,-0.0001487291664759027,1.6598710000911703
2023-08-21,0.012764695331331526,0.013308027795627177,-0.0005433324642956511,2.7440230084711095,2.4401337805729924,0.006879175048229769,1.6712895432582777
2023-08-22,-0.0009548552772293048,-0.0018547400688855476,0.0008998847916562427,2.7414028636206322,2.4356079666767223,-0.002777417910481694,1.6666476737472313
2023-08-23,0.013059749563543685,0.013925297017645666,-0.0008655474541019812,2.777204898472299,2.4695245310312393,0.01104488837734041,1.6850556112681236
2023-08-24,-0.014751991445018825,-0.01677883877776943,0.002026847332750605,2.7362355955689712,2.4280887770673196,-0.01345803999540118,1.662378065457202
2023-08-25,0.007287550371606618,0.00677625173547377,0.0005112986361328481,2.756176050300263,2.4445421178568063,0.006717988442317857,1.6735459020877061
2023-08-28,0.007201949787392148,0.006313801751223786,0.0008881480361683618,2.7760258918197382,2.459976472161471,0.00626459753365527,1.6840299936183836
2023-08-29,0.017656528145064614,0.0184529887042857,-0.0007964605592210849,2.825040871110082,2.505370390215075,0.01450834703641291,1.7084624851855272
2023-08-30,0.0049051545475566425,0.005093519641935828,-0.00018836509437918526,2.838898133186041,2.51813154350796,0.00383312989285467,1.7150112438083127
2023-08-31,0.0024191790542053993,0.001243803947228624,0.0011753751069767753,2.8457659360868672,2.521263605461416,-0.001596945205509792,1.7122724648251177
2023-09-01,0.0017486349471602827,0.0008345745276670272,0.0009140604194932555,2.850742141854147,2.5233677878440677,0.001799159652680293,1.7153531163582265
2023-09-04,-0.00020249682609276622,2.109834253810283e-05,-0.00022359516863086905,2.850164875618413,2.5234210267220054,,
2023-09-05,-0.0012499331755032427,0.0017152828255399563,-0.002965216001043199,2.846602359984723,2.5277494074707483,-0.00419419058100845,1.7081585984744934
2023-09-06,-0.010731594072496064,-0.01092915758661073,0.00019756351411466706,2.816053778971558,2.5001232358570387,-0.00697157775588586,1.6962500379858434
2023-09-07,7.0094788370448e-05,-0.0033056603966569167,0.0033757551850273648,2.816251169665235,2.491858677489504,-0.003211300912779658,1.690802868690557
2023-09-08,0.0002123024760841179,0.002522356295490759,-0.002310053819406641,2.81684906676183,2.498144032912143,0.001426600825855662,1.69321496945939
2023-09-11,0.009919664126365515,0.01089652411490705,-0.0009768599885415351,2.8447912633987733,2.5253651196092815,0.006723514803174124,1.7045993253715064
2023-09-12,-0.008897510263744884,-0.009718345606589924,0.0008208353428450395,2.819479703934471,2.500822748594091,-0.005695872498027943,1.6948901449539657
2023-09-13,0.0033095518591182305,0.004435477988714814,-0.0011259261295965836,2.8288109182303733,2.5119150928491574,0.001241623523611013,1.696994560427877
2023-09-14,0.010080608998122027,0.007596871190054156,0.002483737808067871,2.8573270550266723,2.5309977882498855,0.008429883781315706,1.7113000273498091
2023-09-15,-0.01489327571332115,-0.015048035892796014,0.0001547601794748641,2.814772095393028,2.492911242687714,-0.01215955250715872,1.6904913848117469
2023-09-18,-0.0014472971989278934,0.0011737217069195806,-0.002621018905847474,2.8106982836237453,2.4958372267266804,0.0007212964460983073,1.6917107302397714
2023-09-19,-0.0021372043462339657,-0.0025972916757584165,0.0004600873295244508,2.804691247036032,2.4893548094736553,-0.002151102608492605,1.6880716868751378
2023-09-20,-0.013721805040171125,-0.01423755684456927,0.0005157518043981454,2.766205820546329,2.453912478867472,-0.009394795170962755,1.6722125991430443
2023-09-21,-0.018917916239869208,-0.017741191865134717,-0.0011767243747344905,2.713874970530995,2.410377146759636,-0.01640089046385895,1.6447868234722143
2023-09-22,-0.0008383028850893138,-0.0015125701824424582,0.0006742672973531445,2.711599921313427,2.4067312821590066,-0.00229561200923778,1.6410110310876154
2023-09-25,0.006084865777030142,0.005460364896480618,0.000624500880549524,2.7280996428756246,2.4198729131673695,0.00402309227186648,1.6476129698848316
2023-09-26,-0.01645402908566493,-0.01638699299761318,-6.70360880517494e-05,2.683211412003157,2.380218472684182,-0.01473449776826885,1.6233362202570927
2023-09-27,0.0014626478702825078,0.0008942683485139527,0.0005683795217685552,2.687136005460441,2.382347026726852,0.0002293186195019281,1.6237084814781095
2023-09-28,0.006531627202166687,0.006954444966502374,-0.00042281776433568743,2.704687376089628,2.398914928015335,0.005893073124170867,1.6332771142917966
2023-09-29,-0.0015661750918252472,-0.0015027628417740534,-6.341225005119383e-05,2.7004513620900226,2.395309927800936,-0.002709491359862204,1.6288517640623623
2023-10-02,0.007318235269735939,0.00847525741516533,-0.0011570221454293922,2.720213900492276,2.4156107960281505,7.92901202177898e-05,1.6289809159145519
2023-10-03,-0.018294576686407205,-0.01632312953282446,-0.001971447153582745,2.6704487386862894,2.3761804681036938,-0.01374408577578079,1.6065920624791123
2023-10-04,0.011964664415895096,0.01152237214903282,0.0004422922668622757,2.702399761684521,2.4035597037504473,0.008109801510834735,1.6196212052147005
2023-10-05,0.001326134909961712,0.0004703566190451398,0.0008557782909165722,2.7059835083491635,2.4046902339663765,-0.00130401641747302,1.6175091925730132
2023-10-06,0.017167144839359733,0.014793774298184943,0.0023733705411747904,2.7524375191699124,2.440264678544725,0.01181487909182088,1.636619868113172
2023-10-09,0.00281928536380097,0.004882728288326091,-0.0020634429245251205,2.7601974259824846,2.4521798279216585,0.006303818034118613,1.6469368219527807
2023-10-10,0.0065792264940861996,0.004195261841330491,0.0023839646527557086,2.778357390016417,2.4624673643818187,0.005207972949908379,1.6555140243717188
2023-10-11,0.01108783829028119,0.0084278389860165,0.0026599993042646913,2.809163367469527,2.4832206428371486,0.004293017364807916,1.6626211748260296
2023-10-12,-0.001301926588680114,-0.001536230284027352,0.00023430369534723806,2.8055060429894723,2.4794058440837,-0.006246358765807258,1.6522358464764382
2023-10-13,-0.010805060872489154,-0.008842146251824999,-0.001962914620664155,2.775192379416835,2.4574825749926825,-0.005018840769632216,1.6439435378490945
2023-10-16,0.012568135752852105,0.009639442308450303,0.0029286934444018014,2.8100713739816268,2.4811713364983463,0.0105943462930187,1.6613600449752381
2023-10-17,-0.0020069502810447786,-0.0033427072025046553,0.0013357569214598767,2.8044317004478585,2.4728775072011855,-9.831650139591197e-05,1.6611967058680572
2023-10-18,-0.016702603130693806,-0.013067868903640527,-0.0036347342270532795,2.757590390748141,2.440562268122319,-0.01339979877435271,1.6389370042848077
2023-10-19,-0.00927992469061688,-0.006728620183645834,-0.0025513045069710458,2.7320001595944294,2.424140651585587,-0.00848282575441528,1.6250341872549963
2023-10-20,-0.01485332679404523,-0.014642514260487186,-0.00021081253355804443,2.6914208684225893,2.388645137525318,-0.01258532024310433,1.6045826116023993
2023-10-23,0.0027799312122604196,0.0022166322410713903,0.0005632989711890292,2.6989028333000467,2.3939398853496354,-0.001685542214310054,1.6018780198741955
2023-10-24,0.012762271853214704,0.008571321619787168,0.0041909502334275366,2.7333469649640336,2.4144591140454037,0.00726575986948208,1.6135168809068028
2023-10-25,-0.022817764225187616,-0.018938440632279424,-0.003879323592908192,2.670978098371852,2.368733023454989,-0.01433959243634164,1.5903797064454421
2023-10-26,-0.021883970804701062,-0.019680117971338864,-0.002203852833362198,2.6125264916470865,2.3221160781107884,-0.01183251050332379,1.5715615218646535
2023-10-27,0.002064668723270868,0.0031067053100284434,-0.0010420365867575753,2.6179204933831066,2.3293302084611573,-0.004800313253070176,1.5640175342632314
2023-10-30,0.01738201401802987,0.01374785156782421,0.0036341624502056608,2.6634252240971796,2.3613534944195305,0.01201009382202711,1.5828015315890283
2023-10-31,0.003858400549730324,0.003504152273719496,0.00035424827601082806,2.673701785446002,2.3696280366360565,0.006474961721408823,1.5930501109186546
2023-11-01,0.016425810519951907,0.01748375389728883,-0.0010579433773369243,2.717619504360595,2.411058030056717,0.01050598502551381,1.6097866715288591
2023-11-02,0.018219048437352375,0.017796457010493292,0.00042259142685908274,2.767131945744834,2.453966320638426,0.0188585748467387,1.6401449539611686
2023-11-03,0.0077554402520674465,0.006697366229853437,0.0010580740222140093,2.788592272219645,2.4704014318034675,0.009393716215277292,1.6555520102105987
2023-11-06,0.005749270665392604,0.006973647163529589,-0.001224376498136985,2.8046246439680576,2.487629139741143,0.001752960989734431,1.6584541283009744
2023-11-07,0.005586242886284005,0.00650621455818729,-0.0009199716719032851,2.820291958434121,2.503814188665498,0.002840141274124131,1.6631643723220035
2023-11-08,0.0025441551378970373,0.00295280102788606,-0.0004086458899890226,2.827467218710541,2.5112074537754254,0.0010049378994057,1.6648357492326913
2023-11-09,-0.006399416723734082,-0.008047219826105735,0.0016478031023716535,2.809373077705315,2.4909992153659393,-0.008083910212239531,1.6513773665177678
2023-11-10,0.018985449675271666,0.02056906606902976,-0.001583616393758095,2.8627102888911526,2.542236742804703,0.01561640999689451,1.6771659525329012
2023-11-13,0.0012028247079028294,-0.0010691665807301576,0.002271991288632987,2.8661536275581985,2.539518668238992,-0.0008357416584374722,1.6757642750782564
2023-11-14,0.01985416952485409,0.01729534382520621,0.0025588256996478785,2.923058727564015,2.5834405167567147,0.01907492831317792,1.7077293584951587
2023-11-15,9.143321879260081e-06,4.069821578995697e-06,5.073500300264384e-06,2.923085454030833,2.583451030898678,0.001597081655804411,1.71045674172669
2023-11-16,0.0006368501382177705,0.0021647738387575183,-0.0015279237005397478,2.9249470214062545,2.589043618104079,0.001190349287566894,1.7124927826906184
2023-11-17,-0.00012934855776892222,-0.0001596289838244106,3.0280426055488376e-05,2.924568683727485,2.5886303317022437,0.001282096782780018,1.71468836417784
2023-11-20,0.010890557043016958,0.009632405225023278,0.0012581518179936805,2.95641886580384,2.613565068034986,0.007390308416887814,1.7273604400279632
2023-11-21,-0.005078762234959801,-0.0038231207175451107,-0.0012556415174146906,2.9414039173174724,2.6035730932767294,-0.002020943928152108,1.7238695414349585
2023-11-22,0.003737819414487372,0.003622219212200119,0.00011560020228725291,2.9523983539854712,2.613003805755564,0.004061090434732906,1.7308703315404075
2023-11-23,-0.0003242717210714751,-0.00011081339852240606,-0.00021345832254906903,2.9514409746899357,2.6127142499234965,,
2023-11-24,-0.0022467877244534483,-0.0018668374226153705,-0.00037995030183807775,2.9448097133385533,2.6078367371871387,0.0005969336920788049,1.7319035463579235
2023-11-27,-0.0012408845770174302,-0.0011140220800398702,-0.00012686249697755995,2.9411555443830206,2.604931549480773,-0.001954230217531494,1.728519008113781
2023-11-28,0.0024768025887753797,0.004018422567900299,-0.0015416199791249189,2.9484402060493395,2.615399265207042,0.0009801271528184774,1.7302131765277962
2023-11-29,-5.753520678445271e-05,-0.0033498552907883566,0.0032923200840039037,2.948270566932393,2.6066380561409646,-0.0009462358037187757,1.7285759868720996
2023-11-30,0.006992138716828384,0.00011967408709008168,0.006872464629738302,2.9688852837111264,2.6069500031707076,0.003784133011616175,1.7351171483271093
2023-12-01,0.0064733378233268885,0.001449724934311154,0.0050236128890157345,2.988103881111292,2.6107293635928066,0.005873724769035471,1.7453087488984165
2023-12-04,-0.00917816137538818,-0.010353293858380345,0.001175132482992166,2.960678581484029,2.5836997153068277,-0.005408487734594569,1.7358692679369188
2023-12-05,0.0004814616617268985,0.004841706935041494,-0.004360245273314595,2.9621040347137093,2.5962092321364936,-0.0005689551794614278,1.7348816361260582
2023-12-06,-0.007631059367053833,-0.006036195400289693,-0.0015948639667641394,2.9395000429734193,2.580538005911282,-0.003906130259810237,1.7281049624699971
2023-12-07,0.01204383162256466,0.012393915681342803,-0.0003500840587781443,2.9749028865455127,2.612520976369047,0.007968188792220499,1.7418748290637311
2023-12-08,0.006683182373424042,0.0054392250621544905,0.0012439573112695513,2.9947847050795224,2.6267310659391176,0.004095438100658821,1.7490085696052573
2023-12-11,-0.001138813917294848,-0.0016957554993758937,0.0005569415820810457,2.991374202578076,2.62227677228867,0.003924532563629679,1.7558726106907405
2023-12-12,0.0072754439065957225,0.00574509450237692,0.0015303494042188028,3.01313777779257,2.6373420001568566,0.004599302532861449,1.7639484000364725
2023-12-13,0.008850465705406511,0.010146558877172772,-0.0012960931717662608,3.039805450360588,2.6641019460406885,0.01365075263259907,1.7880276233020393
2023-12-14,0.0018085141161896425,-1.863423005004438e-05,0.0018271483462396869,3.0453029814280352,2.6640523025521494,0.002647070695482867,1.792760658826396
2023-12-15,0.004337533268559887,0.004517719690033615,-0.00018018642147372803,3.0585120844228237,2.676087744094669,-7.627845875146644e-05,1.7926239098064305
2023-12-18,0.0064885407642398096,0.007120376482845976,-0.0006318357186061666,3.0783573647605214,2.695142496333753,0.00452831947855481,1.80074148357493
2023-12-19,0.005666088154564599,0.004799730501829372,0.0008663576527352269,3.0957996089605078,2.7080784539801828,0.005866395531329616,1.8113053453672538
2023-12-20,-0.01270088002512475,-0.013002877601444477,0.00030199757631972635,3.056480229545272,2.6728656413079697,-0.014684263175886,1.784707660983992
2023-12-21,0.01259572283790625,0.010275608572630103,0.0023201142652761464,3.094978807376165,2.7003309624052823,0.01030148882054327,1.8030928070015566
2023-12-22,0.001699543574990983,0.0008774316066021477,0.0008221119683888353,3.100238858722974,2.7027003181399833,0.001660083214831243,1.8060860911052428
2023-12-25,0.0,0.0,0.0,3.100238858722974,2.7027003181399833,,
2023-12-26,0.0036184412256613572,0.0038858216388169874,-0.00026738041315563016,3.1114568908187747,2.713202529519449,0.004231664714183792,1.8137288418877509
2023-12-27,0.0022483940656271933,0.002258442583624857,-1.0048517997663774e-05,3.118452672027547,2.7193301416501146,0.001430441384365766,1.816323274683205
2023-12-28,0.0005296536583910902,-0.00011643716859037846,0.0006460908269814686,3.120104371893806,2.7190135105479585,0.0003701705294067992,1.8169956240313683
2023-12-29,-0.004006372937362586,-0.0034474436786874983,-0.000558929258675088,3.107604070176504,2.709639864608754,-0.002826470987906005,1.8118599386148915
2024-01-01,0.0,0.0,0.0,3.107604070176504,2.709639864608754,,
2024-01-02,-0.010028594349886457,-0.011517834530934065,0.0014892401810476085,3.0764391695566475,2.6784306810097678,-0.00566057909820683,1.8016037621174896
2024-01-03,-0.007214174885685689,-0.0067230772289695795,-0.0004910976567161097,3.0542451993622923,2.6604233846888974,-0.008016310936719062,1.787161546175593
2024-01-04,-0.003977773408978018,-0.005228315496649463,0.001250542087671445,3.0420961040237704,2.64651385187908,-0.003428406248073834,1.7810344303643673
2024-01-05,0.002383551662612374,0.0018793486417976733,0.0005042030208147008,3.0493470972503425,2.6514875740921076,0.001825673750394552,1.7842860181724325
2024-01-08,0.01764484393880055,0.018331392680806146,-0.0006865487420055945,3.1031523508965595,2.700093034001068,0.01411467159438318,1.809470629349386
2024-01-09,0.0014836493450044975,0.0010650410340950658,0.00041860831090943166,3.1077563408494164,2.7029687438781536,-0.001477892491718369,1.8067964262922858
2024-01-10,0.00738911583690642,0.008882995847540235,-0.0014938800106338154,3.130719912444833,2.7269792040060543,0.005665930831493693,1.8170336098702478
2024-01-11,0.0028871045795949425,0.0010337662552394739,0.0018533383243554686,3.139758628241481,2.729798263085896,-0.000671063771963798,1.8158142644422233
2024-01-12,-0.0010124238214593718,0.0008988873737564977,-0.0019113111952158695,3.1365798618126166,2.7322520442774865,0.0007510083175741311,1.817177956057989
2024-01-15,0.00015663175760158524,0.00015532213102684554,1.3096265747396946e-06,3.13707114982923,2.732676423487506,,
2024-01-16,-0.0031180204566276367,-0.0018736503437432374,-0.0012443701128843994,3.127289697810166,2.7275563433673,-0.003731319883858775,1.81039748381804
2024-01-17,-0.005373790450023754,-0.004819679863328341,-0.0005541105866954128,3.110484298297616,2.714410394983079,-0.005616893062916684,1.8002286747500607
2024-01-18,0.012529589010823225,0.014225079344268076,-0.0016954903334448507,3.149457388179904,2.7530230982246193,0.00880526501252299,1.8160801653143779
2024-01-19,0.01665470512087523,0.015646818800996665,0.0010078863198785641,3.2019106722708024,2.796099151797498,0.01231347810263261,1.838442428662602
2024-01-22,0.002850462418918834,0.0007081082109457302,0.0021423542079731035,3.211037598310845,2.798079092565504,0.002194301015948863,1.8424765247515797
2024-01-23,0.0019137254968610694,0.0040466654866995015,-0.002132939989838432,3.217182642834112,2.8094019826584447,0.002921390474659002,1.8478591181207717
2024-01-24,0.0038896027251361484,0.0059094343097049395,-0.002019831584568791,3.2296962052089397,2.82600395912452,0.0008119886527155895,1.8493595587565028
2024-01-25,0.004924051474258886,0.0016071568988211223,0.0033168945754377638,3.2455993955696067,2.830545790883523,0.005260293105750158,1.8590877320934829
2024-01-26,-0.0028335372143760114,-0.002305409150695115,-0.0005281280636808966,3.236402868899304,2.8240202247157584,-0.0006517972440622799,1.8578759838332344
2024-01-29,0.008773651884771756,0.009182713200971604,-0.00040906131619984805,3.2647979410299035,2.8499523925130665,0.007556783214781593,1.8719155498830111
2024-01-30,-0.0022979737411054305,-0.0032608812006066573,0.0009629074595012268,3.2572955210914016,2.840659036333697,-0.000600657882721567,1.8707911690521848
2024-01-31,-0.0191848006746527,-0.021055789546448645,0.001870988871795945,3.1948049557808242,2.7808467174914373,-0.01610568186202166,1.8406608016531507
2024-02-01,0.014774518449129352,0.013179482756938058,0.0015950356921912937,3.2420066605413775,2.8174968388543036,0.01249367989846561,1.8636574285106582
2024-02-02,0.021867245933427145,0.021217300652183496,0.0006499452812436489,3.3129004175052446,2.8772765163708516,0.01068446187367389,1.8835696052511695
2024-02-05,-0.0008514758254432368,0.00037131280032959405,-0.001222788625772831,3.3100795628876383,2.8783448859714675,-0.00318637682737688,1.8775678427082456
2024-02-06,-0.0002093928821617848,0.0009481800935381401,-0.0011575729756999249,3.3093864557877803,2.881074075294683,0.002310426660138587,1.8819058255082577
2024-02-07,0.012129319694181458,0.013120653277065955,-0.0009913335828844964,3.3495270621016244,2.918875649302168,0.008241442161546875,1.8974154435226622
2024-02-08,0.0020345780550027094,0.0012873330884023582,0.0007472449666003512,3.356341936356814,2.9226332145064466,0.0005705637169521882,1.898498039930721
2024-02-09,0.01004822897279295,0.009593219189100761,0.00045500978369218854,3.3900672286443148,2.950670675542553,0.005742400323335062,1.90939997568907
2024-02-12,-0.003380016947435573,-0.0052034627355180526,0.0018234457880824794,3.378608743958551,2.9353169706375817,-0.0009489496897510108,1.9075880511745293
2024-02-13,-0.011592233770376652,-0.012663377201153932,0.0010711434307772803,3.339443121579945,2.898145944633449,-0.01367427078521022,1.8815031756161373
2024-02-14,0.012070525762789374,0.009836194457602143,0.0022343313051872305,3.3797519558123454,2.926652671711375,0.00957972369210025,1.8995274561643491
2024-02-15,0.0005529138563805107,0.0020659162248519557,-0.001513002368471445,3.3816206674998432,2.93269889095037,0.005821278161507903,1.9105851338621034
2024-02-16,-0.00908112100382696,-0.0051381555672599145,-0.003942965436567046,3.350911761029235,2.9176302278167365,-0.004803438753173572,1.9014077551888728
2024-02-19,0.0011496490127576107,0.00027359955589360314,0.0008760494568640076,3.3547641334271403,2.918428490151329,,
2024-02-20,-0.010824033168398273,-0.009283677811045367,-0.0015403553573529061,3.318452055174772,2.8913347403341882,-0.006005310084565729,1.8899892120217656
2024-02-21,-0.004033085258233865,-0.0009878544544736343,-0.003045230803760231,3.3050684551108906,2.888478522431575,0.001264192012477183,1.8923785212872717
2024-02-22,0.032120610233500504,0.030300353331114083,0.0018202569023864218,3.4112292707525453,2.9760004422505864,0.02112288730980771,1.9323510195399234
2024-02-23,0.0005100351167953828,-0.0013209897403702933,0.0018310248571656762,3.4129691174720698,2.9720691761990357,0.0003479436920954537,1.9330233688880865
2024-02-26,0.00076910573132568,-0.002674317121917516,0.003443422853243196,3.4155940515811554,2.964120920713603,-0.003786747366766319,1.9257034977360517
2024-02-27,0.0006084823194296813,0.0003923922030106719,0.00021609011641900941,3.417672380171892,2.965284018651672,0.001706272573591683,1.9289892727991083
2024-02-28,-0.0038414818161308867,-0.0034713678119581677,-0.000370114004172719,3.4045434538699686,2.9549904271560106,-0.001658074349471628,1.925790865165474
2024-02-29,0.008329131704716948,0.007586356465028875,0.0007427752396880734,3.4329003446916833,2.977408037887164,0.005229044372909275,1.9358609110523677
2024-03-01,0.013077395919805166,0.011424748806208425,0.0016526471135967415,3.477793741652452,3.011424176813611,0.008007817482197588,1.9513629318989958
2024-03-04,0.0023170951099585157,-0.002340606273740641,0.004657701383699157,3.485852120524679,3.004375618492467,-0.001193284901150116,1.9490343999756967
2024-03-05,-0.013353306029369759,-0.013659715505827239,0.0003064094764574799,3.4393044703861855,2.9633367022712163,-0.0101930441731064,1.9291678062418405
2024-03-06,0.0071127796070205454,0.005449982743614415,0.0016627968634061307,3.4637674850854827,2.979486836162114,0.005141130024711504,1.9390859087732173
2024-03-07,0.015509802404981102,0.01429498647756615,0.0012148159274149514,3.517489834355957,3.0220785601951374,0.01030410832242845,1.959066460023711
2024-03-08,-0.00920292689348551,-0.010543803534297696,0.0013408766408121858,3.4851186325618007,2.9902143575912263,-0.00652853397862474,1.9462766280730621
2024-03-11,-0.007870520407694995,-0.006184728149867844,-0.0016857922578271504,3.457688935240985,2.971720694679693,-0.001122238074512727,1.9440924423375043
2024-03-12,0.019949731474080468,0.018841839908153444,0.0011078915659270237,3.5266689010199417,3.027713380260594,0.01120177258818988,1.9658697237669878
2024-03-13,-0.0036827217894273233,-0.004286889043915402,0.0006041672544880787,3.51368116061406,3.014733908942639,-0.001924537270519222,1.9620863342146129
2024-03-14,-0.002115742095087558,0.0003468804489492636,-0.0024626225440368215,3.5062471174738326,3.0157796611944354,-0.002871076469757039,1.9564530343088173
2024-03-15,-0.007827541106400708,-0.009013561233462718,0.0011860201270620097,3.4788018240326073,2.988596746551628,-0.006482890915021411,1.9437695627070306
2024-03-18,0.012373773035597575,0.009359171815491271,0.0030146012201063034,3.5218477282390093,3.0165675369898226,0.006318044044564486,1.9560503844166974
2024-03-19,0.0023267927187063647,0.004360118097384791,-0.002033325378678426,3.530042337889468,3.029720127699836,0.005649179907640134,1.967100464946676
2024-03-20,0.009227134167310141,0.01099268354419432,-0.0017655493768841783,3.5626145121574595,3.0630248822911157,0.008904105621114988,1.9846157352539056
2024-03-21,0.011163790021484737,0.0026440902359271537,0.008519699785557583,3.6023867924986797,3.071123796474783,0.003236599025383535,1.9910391406083892
2024-03-22,0.0034413859574366386,0.002521165292403251,0.0009202206650333875,3.61478399581964,3.0788666071991293,-0.001402262316537284,1.9882471814507632
2024-03-25,-0.0019346836173727167,-0.0041882926931921015,0.002253609075819385,3.607790532442587,3.0659714126848843,-0.003054919777310094,1.9821732458139683
2024-03-26,0.0012714294008610726,-0.003607460645018462,0.004878890045879535,3.612377583397683,3.0549110414748717,-0.002799821394008251,1.9766235147537075
2024-03-27,0.0027130469091353497,0.00320142792615726,-0.0004883810170219103,3.62217813323495,3.0646911189949755,0.008630596627706266,1.9936829549943857
2024-03-28,0.0006131643251010298,-0.0013745108580724343,0.001987675183173464,3.6243991236454107,3.060478667775279,0.001116511606195525,1.9959089251527111
2024-03-29,0.0013076458231918156,0.0003701269026482565,0.0009375189205435591,3.6291385540210257,3.0616114332652034,,
2024-04-01,0.005829263646105394,0.0023263468822416144,0.00350291676386378,3.65029375946066,3.068733803477615,-0.00201356970890787,1.9918900233992847
2024-04-02,-0.004091333760515312,-0.0060816203808720486,0.0019902866203567364,3.6353591893667803,3.0500709294349146,-0.00723906654944817,1.9774705989607153
2024-04-03,0.0017180145356495374,0.002027804083684627,-0.00030978954803508973,3.6416047892964194,3.0562558757211504,0.001091088610609914,1.9796281946090573
2024-04-04,-0.014665249089791218,-0.01295255543631198,-0.0017126936534792372,3.588199747974811,3.016669552063318,-0.01233428443688844,1.9552108973774651
2024-04-05,0.013117630675687476,0.0132155711942686,-9.794051858112371e-05,3.6352684270593394,3.056536563298193,0.01109921685728765,1.9769122071291896
2024-04-08,-0.001679971024473597,-0.0005860907803139574,-0.0010938802441596395,3.629161281435696,3.0547451553987517,-0.0003746872802314893,1.976171483271044
2024-04-09,-0.0002678127420577589,0.0008474668115411659,-0.0011152795535989248,3.6281893458015446,3.0573339505356687,0.001445489476951778,1.9790280183547644
2024-04-10,-0.001425142212493519,-0.004269832750404857,0.0028446905379113374,3.6230186600099232,3.044279645904747,-0.009456977183866844,1.96031239553895
2024-04-11,0.013622694256856166,0.014165843085979386,-0.00054314882912322,3.6723739355021237,3.0874044336784747,0.007444813046443954,1.9749065548363642
2024-04-12,-0.017592412634715164,-0.014349652120552019,-0.003242760514163145,3.6077680178797977,3.0431012540997386,-0.01455070724323249,1.9461702677241994
2024-04-15,-0.01760676761678006,-0.015802807656314883,-0.001803959960465177,3.544246884773737,2.9950117103025096,-0.0120212905076893,1.9227747895584595
2024-04-16,-0.0023318076943125714,-0.001964257035543946,-0.0003675506587686255,3.535982382617278,2.989128737479011,-0.002056572537150636,1.918820463731128
2024-04-17,-0.007985965052394546,-0.008067089780986038,8.112472859149109e-05,3.5077441508838136,2.965015167586843,-0.005780564238499708,1.9077285987783823
2024-04-18,-0.004765541038882584,-0.004765541038882584,0.0,3.4910278521788762,2.950885266124798,-0.002208191214624677,1.9035159692466717
2024-04-19,-0.01984922636297648,-0.01984922636297648,0.0,3.421733650101522,2.892312476506315,-0.00875852104918673,1.8868439845625615
2024-04-22,0.009510495926696618,0.009510495926696618,0.0,3.454276034043054,2.9198198025328623,0.008731224445012842,1.9033184428844996
2024-04-23,0.013957626731948409,0.013957626731948409,0.0,3.5024895295553415,2.960573557461167,0.01196463497385536,1.9260909532926194
2024-04-24,0.00010140859651364367,0.00010140859651364367,0.0,3.5028447121028377,2.9608737850705045,0.0002129946455513565,1.9265012003525157
2024-04-25,-0.005851048661771651,-0.005851048661771651,0.0,3.4823493972376944,2.943549568472693,-0.004576437949929346,1.917684687148638
2024-04-26,0.018633509199910372,0.018633509199910372,0.0,3.5472377867684255,2.998398226437221,0.01020913473918572,1.9372625885070116
2024-04-29,0.0020158302723038185,0.0020158302723038185,0.0,3.5543884160820536,3.004442488350495,0.003178456301617949,1.9434200929893404
2024-04-30,-0.016679965551074007,-0.016679965551074007,0.0,3.4951013397466686,2.954328491144626,-0.01573051716420693,1.912849089859307
2024-05-01,-0.0031062442331015083,-0.0031062442331015083,0.0,3.4842447013659754,2.945151625306321,-0.003435477561168243,1.9062775397331941
2024-05-02,0.011617869132487864,0.011617869132487864,0.0,3.52472420033201,2.979368011464464,0.009128425650457572,1.9236788525237858
2024-05-03,0.017831196352092057,0.017831196352092057,0.0,3.5875742496351006,3.032493707482029,0.01255677105959485,1.9478340474671112
2024-05-06,0.012520680602954096,0.012520680602954096,0.0,3.632493120954164,3.0704625926238798,0.0103260858966534,1.9679475491536826
2024-05-07,0.000724591664263718,0.000724591664263718,0.0,3.635125195190103,3.0726874242239286,0.00134343742399734,1.9705913635396795
2024-05-08,0.00016351057982746998,0.00016351057982746998,0.0,3.635719576618514,3.073189841126292,-5.782909574536532e-06,1.9705799677880158
2024-05-09,0.002715173089242777,0.002715173089242777,0.0,3.645591184572982,3.0815340834810523,0.005090917502462489,1.9806120278360297
2024-05-10,0.0018637311626821884,0.0018637311626821884,0.0,3.6523855864700696,3.087277234581303,0.00164938013992888,1.9838788099796467
2024-05-13,0.0003375777862679087,0.0003375777862679087,0.0,3.6536185507109473,3.0883194307957487,-0.0002412554473948392,1.9834001884097678
2024-05-14,0.007977380101500498,0.007977380101500498,0.0,3.6827648546358613,3.1129561287700556,0.004837764439558523,1.9929954113106703
2024-05-15,0.014643820913709821,0.014643820913709821,0.0,3.7366946036344535,3.1585417008319996,0.01171598039140931,2.0163453064697547
2024-05-16,-0.0025643367467735653,-0.002489253411864982,-7.508333490858317e-05,3.727112460350883,3.1506792901266856,-0.00208170454866563,2.012147871273596
2024-05-17,-0.00016576447522239656,0.0006974502795740104,-0.000863214754796407,3.726494637509798,3.1528767322784326,0.001164788280379803,2.0144915975324467
2024-05-20,0.003908193826959388,0.0033644452474745315,0.0005437485794848565,3.741058500848311,3.16348441341622,0.0009164157208665369,2.016337709301979
2024-05-21,0.0039031776651309957,0.004689078699793816,-0.0007859010346628202,3.7556605168327706,3.1783182407962993,0.00250182267578225,2.0213822287051455
2024-05-22,-0.002260020650080658,-0.003263521968659759,0.001003501318579101,3.7471726465100357,3.1679457293940687,-0.002706049712388192,2.0159122679065313
2024-05-23,-0.0008613498745120172,-0.00212016039830057,0.0012588105237885526,3.743945019821189,3.161229176314642,-0.007380803880150943,2.001033214817523
2024-05-24,0.008896648480716855,0.009281018794694078,-0.0003843703139772229,3.7772535825936693,3.1905686037143535,0.007000971935366307,2.015042392196196
2024-05-27,0.0005548945978307199,0.00026730673987094937,0.00028758785795977057,3.779349560201287,3.1914214642061465,,
2024-05-28,0.007278232653531084,0.006545145225182898,0.0007330874283481862,3.806856545579452,3.2123097811641412,0.0002488349997737949,2.0155438052694024
2024-05-29,-0.005379043517801592,-0.005420816947689367,4.177342988777484e-05,3.786379298554752,3.1948964378611784,-0.007367076011488782,2.0006951408514975
2024-05-30,-0.014267658314702331,-0.012576905240614411,-0.0016907530740879195,3.7323565324731107,3.154714528108622,-0.005974995016091,1.9887409973561923
2024-05-31,0.0018521526504475586,0.002875168915449812,-0.0010230162650022533,3.739269426517146,3.163784865256958,0.008027917211029578,2.004706445437148
2024-06-03,0.008052589475982155,0.0069604587279245645,0.0010921307480575909,3.76938022814898,3.1858062592356116,0.001116056625188655,2.0069438113471367
2024-06-04,0.0024907372954028587,0.0025897603113962378,-9.90230159933791e-05,3.778768764063785,3.194056733845578,0.001502820153689077,2.009959886954151
2024-06-05,0.018972810981521468,0.01826143278858074,0.000711378192940728,3.850462629567245,3.252384786213613,0.01184766051699571,2.033773209347563
2024-06-06,0.0001950376492932412,0.0006106503979391002,-0.000415612748645859,3.851213614747207,3.2543708562775655,-0.0001998494591923805,2.0333667608715547
2024-06-07,0.0013524158162783976,8.222534779428969e-05,0.0012701904684841079,3.8564220569516574,3.2546384480530746,-0.001115270803443424,2.031099006290462
2024-06-10,0.005195813288340368,0.004138881838367228,0.00105693144997314,3.8764593059206156,3.268109012016173,0.002580891305201671,2.0363410520558007
2024-06-11,0.006410355693881667,0.007104075423873403,-0.0006937197299917361,3.9013087889044247,3.291325904930976,0.00271042141176947,2.041860394444958
2024-06-12,0.014079700801199514,0.014074842198099666,4.858603099847786e-06,3.9562380493852887,3.337650797665397,0.008503679780924589,2.05922372139667
2024-06-13,0.007592973938200382,0.006959898397389502,0.0006330755408108799,3.9862776617875877,3.360880508103114,0.002344572894818819,2.064051721518225
2024-06-14,0.002270272523590947,0.0021524479352633586,0.00011782458832758835,3.9953275984345487,3.3681146284134473,-0.000393835553412436,2.0632388245662088
2024-06-17,0.008614831881374213,0.009028569855815486,-0.0004137379744412733,4.029746674006076,3.398523886618472,0.007664408277487045,2.0790523292916467
2024-06-18,0.006820919224350508,0.0027600843694010964,0.004060834854949411,4.0572332505640665,3.407904099276964,0.002521363070800975,2.0842943750569853
2024-06-19,4.793909729440936e-05,0.00018877572999587562,-0.00014083663270146626,4.057427750663612,3.408547428861061,,
2024-06-20,-0.006477545630801459,-0.00587842545793939,-0.0005991201728620691,4.031145577265008,3.3885105368806503,-0.002525956665081042,2.079029537788319
2024-06-21,-0.005961552755536435,-0.004418903123017892,-0.0015426496325185429,4.007113690240895,3.3735370370868494,-0.001562165984246855,2.0757817485641414
2024-06-24,-0.012121915992964201,-0.009213134497744368,-0.002908781495219833,3.958539794713538,3.342456186631046,-0.003065171960721869,2.0694191205518644
2024-06-25,0.012767932237049763,0.011588878244824411,0.0011790539922253516,4.009082162570105,3.3811915044165732,0.003933647462219136,2.077559485823691
2024-06-26,0.006659415253464729,0.006343283212915767,0.000316132040548962,4.035780305475917,3.402639359726192,0.001572413288720487,2.0808262679673075
2024-06-27,-0.0013131832019611057,0.0013953509799889627,-0.002708534181950068,4.0304805865719615,3.407387235891335,0.0009072819876230209,2.082714164159607
2024-06-28,-0.005454569322319678,-0.005979571445737457,0.0005250021234177787,4.008496050810241,3.387012520471029,-0.004083627735109618,2.0742091348345393
2024-07-01,0.006422543044364805,0.008832502199257724,-0.0024099591548929185,4.034240789239736,3.4169283160070028,0.002675588959212494,2.0797588658948003
2024-07-02,0.005558524021476643,0.008601288028916694,-0.003042764007440051,4.056665213575146,3.4463183006271407,0.006195331948881222,2.092643662442647
2024-07-03,0.010227894421611563,0.009615811991731237,0.0006120824298803257,4.098156357083417,3.4794574494696344,0.005084398104196586,2.10328349591273
2024-07-04,-0.0005157227184499154,0.00030101408447527086,-0.0008167368029251862,4.09604284474631,3.480504815168257,,
2024-07-05,0.008327058129710383,0.010392267944180831,-0.002065209814470448,4.130150831616296,3.5166751537884973,0.005448779307280605,2.1147438235026037
2024-07-08,0.0011940627095684637,0.001962434922924453,-0.0007683722133559891,4.135082490709223,3.5235763999228724,0.001016670887826754,2.11689382198317
2024-07-09,0.0027406723346870753,0.002476833449551485,0.00026383888513559044,4.1464153968931585,3.5323037118122516,0.0007410929775606423,2.1184626371288835
2024-07-10,0.012895353132040623,0.01241618707502576,0.00047916605701486294,4.199884887668226,3.57616145550392,0.01020803373869006,2.1400879752028494
2024-07-11,-0.021134324398052025,-0.022043754617038613,0.0009094302189865885,4.11112315801777,3.4973294299078796,-0.008763008283767415,2.121334366548156
2024-07-12,0.002049984883419239,0.0035572157740198164,-0.0015072308906005773,4.11955089834558,3.5097701853228918,0.005517016620885551,2.133037803506858
2024-07-15,0.0006318000019068372,0.0029706330073114994,-0.002338833005404662,4.1221536306110105,3.52019642448349,0.002826181805230199,2.1390661561369972
2024-07-16,2.882881474599295e-05,0.0006803004943523394,-0.0006514716796063465,4.1222724674143825,3.5225912158512833,0.006389379210899104,2.1527334609657567
2024-07-17,-0.025607924160979584,-0.024055018610241053,-0.0015529055507385314,4.016709626697941,3.437855218597709,-0.01392751270468651,2.122751238338352
2024-07-18,-0.008507512370039093,-0.0074953748101678815,-0.0010121375598712117,3.9825374198619534,3.4120872051912277,-0.007816372508844482,2.1061590239158887
2024-07-19,-0.00943847750055831,-0.008338874762092673,-0.0010996027384656375,3.944948330029455,3.383634237309799,-0.007140293511332718,2.091120430303587
2024-07-22,0.012287105959673628,0.013283139684414504,-0.0009960337247408753,3.9934203281659646,3.4285795235249523,0.01079200726612162,2.113687817181759
2024-07-23,0.0020257882094317846,0.0009110986989653706,0.001114689510466414,4.001510151982069,3.431703297868135,-0.001558116673645582,2.110394444950926
2024-07-24,-0.03201108613669728,-0.034785271413930494,0.002774185277233214,3.873417465830103,3.312330567239712,-0.02314903145215574,2.0615408575683025
2024-07-25,-0.015358358634320038,-0.011037225871797965,-0.004321132762522073,3.8139281312494453,3.2757716266070265,-0.005142681306694263,2.0509390099370997
2024-07-26,0.009955668620598787,0.009296842746674827,0.0006588258739239593,3.8518983358669443,3.3062259602936113,0.01109049084867819,2.073684930258004
2024-07-29,-0.0015529774900977767,0.0005145829327055107,-0.0020675604228032876,3.845916424457198,3.3079272877444463,0.000813320877067536,2.075371501504243
2024-07-30,-0.015545976606566267,-0.011916950542898262,-0.0036290260636680054,3.7861278976917774,3.2685068818568923,-0.004960154039322595,2.0650773391679618
2024-07-31,0.02975031651902033,0.026502365655972828,0.003247950863047501,3.8987664010296004,3.3551300463889273,0.01579342363752767,2.0976919804297
2024-08-01,-0.018357679093261577,-0.016461314056925944,-0.001896365036335633,3.8271940985799087,3.2999001969934905,-0.01369356970827373,2.068967089069199
2024-08-02,-0.028085408719817788,-0.022426582652773704,-0.005658826067044084,3.7197057880712174,3.2258947124797115,-0.01838183994653619,2.030935667183278
2024-08-05,-0.03815286017758625,-0.03558427198311825,-0.002568588194468001,3.577788373237178,3.1111035976419306,-0.02996880237012223,1.9700709575470299
2024-08-06,0.012188684842882202,0.010959262906209258,0.0012294219366729437,3.6213969081530943,3.145198999896942,0.01035414252467537,1.9904693530251956
2024-08-07,-0.008967691320484781,-0.007562245014834478,-0.0014054463056503031,3.5889213385318195,3.121414234439309,-0.007734688541859436,1.9750736925274293
2024-08-08,0.02795264915408692,0.02801200890057759,-5.9359746490669774e-05,3.6892411975494155,3.2088513177568125,0.02304260025002414,2.020584526088678
2024-08-09,0.010579115891806158,0.00840434628465346,0.002174769607152698,3.728270107731117,3.235819615407207,0.004671658542179324,2.0300240070501756
2024-08-12,0.005219465680728718,0.003759154683888738,0.0014603109968399797,3.7477296856069064,3.247983561870684,4.303763360380408e-05,2.0301113744795978
2024-08-13,0.02250786479459949,0.021086531404295433,0.0014213333903040568,3.832083078657254,3.316472269248705,0.01684757287548244,2.0643138238064886
2024-08-14,0.005206637398334984,0.0035132430681594344,0.0016933943301755496,3.8520353457281176,3.3281238424593864,0.00382376808607332,2.0722072811256
2024-08-15,0.021954287830527996,0.020654981666006645,0.0012993061645213515,3.9366040384415997,3.3968661794075845,0.01613320110499883,2.105638617923242
2024-08-16,0.004999575900192373,0.002601108140140146,0.002398467760052227,3.9562853891207923,3.4057017956778086,0.001989818192314141,2.1098284559516247
2024-08-19,0.010479833415387637,0.010728508259313867,-0.00024867484392623006,3.9977466009425107,3.4422398955214977,0.009722284736913167,2.1303408089464284
2024-08-20,-0.0013452978873737017,-0.0012829384334908508,-6.23594538828509e-05,3.992368440886007,3.4378237136622376,-0.001984576293852847,2.1261129850791662
2024-08-21,0.0015143248182673888,0.002307934095857325,-0.0007936092775899361,3.9984141834997082,3.4457579842265456,0.004239680407066571,2.1351270246452163
2024-08-22,-0.015068450010704814,-0.013713143924095237,-0.0013553060866095777,3.93816427925355,3.3985058090612466,-0.008932812652890587,2.1160543349439367
2024-08-23,0.010705143847348877,0.012443818949215885,-0.0017386751018670082,3.9803228943574505,3.4407962000470635,0.01148342021742543,2.1403538760750025
2024-08-26,-0.008826943110118219,-0.006380374872275041,-0.002446568237843178,3.9451888106090562,3.418842630431664,-0.00315372315031559,2.133603792506157
2024-08-27,0.00010774282804293926,0.0011793365581717905,-0.0010715937301288513,3.945613876408675,3.422874596532368,0.001595202996702794,2.137007323669739
2024-08-28,-0.009395772500806142,-0.008781213992188779,-0.0006145585086173629,3.908541786049915,3.3928176022317906,-0.005976038963347419,2.12423648463853
2024-08-29,-0.006130658709583892,-0.00314194232997264,-0.0029887163796112524,3.8845798503074955,3.382157564989462,-3.934065069444159e-05,2.1241529157929953
2024-08-30,0.013725959830182566,0.01188078499115369,0.0018451748390288757,3.937899437289953,3.422340251825306,0.01009306218213291,2.1455921232564528
2024-09-02,8.776692172671673e-05,2.0244977011375534e-05,6.75219447153412e-05,3.938245054601633,3.42240953702503,,
2024-09-03,-0.032932480336175796,-0.02826053936812524,-0.004671940968050556,3.8085488767819236,3.325690397570087,-0.02115112244175332,2.100210441547394
2024-09-04,-0.006670843159959056,-0.0030726656330427593,-0.0035981775269162963,3.783142644557873,3.315471662979333,-0.001602480045867938,2.0968448962226907
2024-09-05,0.000256348400851358,0.0012934830489040165,-0.0010371346480526585,3.784112447124998,3.319760169374518,-0.003018077669304842,2.090516455465405
2024-09-06,-0.02466689881511925,-0.0234587390213623,-0.0012081597937569494,3.690770128286732,3.2418827819476475,-0.01726020776209658,2.0544337071139904
2024-09-09,0.011969418265823402,0.012981125929535039,-0.0010117076637116366,3.734946499675203,3.283966070588901,0.01158009178281283,2.0782242380040747
2024-09-10,0.007104320949092031,0.007962483611861543,-0.0008581626627695129,3.761480758336583,3.310114596607874,0.004472633223969957,2.0875193727778316
2024-09-11,0.02163178751796166,0.019301852917041822,0.002329934600919837,3.8428483108538214,3.374005941690153,0.01066505080501923,2.1097828729449692
2024-09-12,0.011629275422273353,0.010827772280290101,0.0008015031419832518,3.887537852266758,3.4105389096991194,0.007495323299958834,2.1255963776704077
2024-09-13,0.003916876594714633,0.0039845224587152445,-6.764586400061137e-05,3.902764858291369,3.4241282785811373,0.005407665804108897,2.137090892515274
2024-09-16,-0.003231978288173772,-0.0029266338403086366,-0.00030534444786513553,3.8901512070055237,3.414107108887484,0.001256661014358285,2.139776491324038
2024-09-17,0.0009181060146253216,-0.00010986008488710399,0.0010279660995124256,3.8937227782264774,3.4137320347906877,0.0002645084669337106,2.140342480323339
2024-09-18,-0.005001455464216776,-0.003287996201205351,-0.0017134592630114252,3.874248497161171,3.402507696828363,-0.002896400441559033,2.134143191418243
2024-09-19,0.01759757280239812,0.02265232066160342,-0.0050547478592053025,3.942425867144546,3.4795823922304927,0.01697678640717948,2.1703740845412867
2024-09-20,0.001584637372298451,-0.0013440835630075816,0.0029287209353060324,3.94867318251114,3.4749055427309647,-0.001940969329534248,2.166161455009576
2024-09-23,0.0037778662980229236,0.002582366857879278,0.0011954994401436455,3.9635907418492557,3.483879023638774,0.002809269537312087,2.172246786398034
2024-09-24,0.004643676100913979,0.005082843925906168,-0.000439167824992189,3.9819963734509844,3.501587036972668,0.002511117289812015,2.177701552861097
2024-09-25,0.0022926612833062622,0.0016309762673748177,0.0006616850159314445,3.9911257423666617,3.5072980423281175,-0.001861177443296946,2.173648463852679
2024-09-26,0.010998887992070994,0.00383657321744159,0.0071623147746294035,4.0350236873692245,3.520754048062899,0.004038614114003858,2.1824269912176772
2024-09-27,-0.0057747463769506,-0.005611841046221412,-0.0001629053307291876,4.011722448949679,3.5009961359823296,-0.001253182997787761,2.17969201081837
2024-09-30,-0.00018599689624450836,0.004251743566300471,-0.004437740462544979,4.01097628102558,3.5158814737791357,0.004236542312270108,2.188926368249919
2024-10-01,-0.011921959195270483,-0.0121305602915612,0.00020860109629071769,3.9631575854699954,3.473231861583475,-0.009324110452443968,2.16851657702009
2024-10-02,0.0015003784898302889,0.0014659512294940542,3.4427260336234626e-05,3.969103821863042,3.478323450101281,0.0001383840595576835,2.168816665147236
2024-10-03,0.003645950041294987,0.0013802460581916357,0.0022657039831033513,3.983574976106268,3.4831243923323987,-0.001681396399709989,2.1651700246148264
2024-10-04,0.011178255165416357,0.01081756288394152,0.0003606922814748375,4.028104393659751,3.520803309479045,0.008970269862489832,2.184592184033795
2024-10-07,-0.005819697793969645,-0.009609284242269731,0.0037895864483000865,4.00466204340609,3.486970909717137,-0.009586042249529192,2.163650591059656
2024-10-08,0.011147722423897345,0.013568195261107004,-0.002420472837209659,4.0493049042674985,3.5342828118899794,0.00968935768284096,2.1846149755371234
2024-10-09,0.005251372031705588,0.006115740502021662,-0.0008643684703160742,4.070569310789617,3.5558975684282537,0.007113384673968381,2.2001549822226307
2024-10-10,0.001830505863161669,-0.0008319282898248969,0.002662434152986566,4.078020511779423,3.5529393166453587,-0.002070082388933692,2.1956004801410067
2024-10-11,0.006958285743436154,0.003774456893298545,0.0031838288501376084,4.1063965437679775,3.566349732940542,0.00605185076253667,2.208887926580974
2024-10-14,0.007241340645128445,0.008003139473426651,-0.0007617988282982062,4.136132359965379,3.5948917272642826,0.007707612858403268,2.2259131795666613
2024-10-15,-0.011012998536849252,-0.010066490937842624,-0.0009465075990066282,4.090581140336866,3.5587037822692515,-0.007609409797179167,2.2089752940103966
2024-10-16,0.004906529523425109,0.003187072895955876,0.0017194566274692335,4.110651697469895,3.5700456306384574,0.004679068519722218,2.2193112407694446
2024-10-17,0.004083927900214862,0.004010671082617875,7.325681759698735e-05,4.127439302625258,3.5843639094128847,-0.0001711604852057125,2.218931382380652
2024-10-18,0.002116492825526133,0.00441925075251401,-0.002302757926987877,4.136174998297059,3.600204112316842,0.003971603038276372,2.2277440970006417
2024-10-21,0.0020136429847536176,0.002917312463494702,-0.0009036694787410843,4.144503778066094,3.6107070326448287,-0.001822779457326784,2.223683410824448
2024-10-22,0.0005916646397278624,0.0016422997101690016,-0.0010506350704411393,4.146955934400794,3.6166368957580466,-0.0004748905872585807,2.2226274045036045
2024-10-23,-0.012113433354651832,-0.012760794373859801,0.0006473610192079694,4.096722060064752,3.5704857360063635,-0.009191277003007925,2.2021986203543356
2024-10-24,0.002533780712426129,0.005247675486865881,-0.002713894774439752,4.1071022554047145,3.5892224864794082,0.002145782089274073,2.206924058710916
2024-10-25,0.004036103590663231,0.004321922539864723,-0.0002858189492014919,4.123678945564975,3.6047348280443128,-0.0002994908655286066,2.2062631051144166
2024-10-28,0.000952654967386466,0.0004248414044355792,0.0005278135629508869,4.127607388796374,3.6062662686512774,0.002651460369276215,2.212112924301824
2024-10-29,0.005272183529007465,0.005637506956747462,-0.00036532342773999693,4.149368892485795,3.6265966198286823,0.001614144022858977,2.215683593156475
2024-10-30,-0.004014475038974035,-0.004468901145134468,0.00045442610616043284,4.132711354639416,3.610389718041389,-0.003300233845140998,2.2083713191722163
2024-10-31,-0.0273881705388133,-0.025868440014724985,-0.0015197305240883148,4.019523951270862,3.5169945681904555,-0.01861474765509574,2.1672630443370746
2024-11-01,0.007073362100905658,0.0063848293437011264,0.0006885327572045312,4.047955499651463,3.5394499783110756,0.004092578148962911,2.1761327377153834
2024-11-04,0.0003962270563347357,-0.004195799896490783,0.004592026952825518,4.049559409143264,3.5245991544584436,-0.002812107247591178,2.1700132190719335
2024-11-05,0.01469758375896115,0.013865367719885877,0.0008322160390752727,4.109078147746036,3.5734690178002086,0.01226567518979693,2.1966298963746356
2024-11-06,0.02576010868674219,0.026188323705774733,-0.00042821501903254205,4.214928447434292,3.6670521811909174,0.02529587947623613,2.2521955814872254
2024-11-07,0.01283840554862533,0.015005911517480902,-0.0021675059688555723,4.2690414082008905,3.722079641751854,0.007431219893945906,2.26893214209743
2024-11-08,0.0063696399954486956,0.002924175763997022,0.0034454642314516734,4.296233665096794,3.7329636568319313,0.003756843180258151,2.2774561643419373
2024-11-11,-0.0058221266989956786,-0.003278275459363383,-0.0025438512396322955,4.2712204483701095,3.7207259736850435,0.000969053663222974,2.2796631415808224
2024-11-12,-0.0019656197832232454,-0.0009535995464687955,-0.00101202023675445,4.2628248529582855,3.717177891084003,-0.002892682479775477,2.2730687999513814
2024-11-13,-0.002920860171382159,-0.0018415697290084475,-0.0010792904423737113,4.250373737627702,3.7103324488024434,0.0002322864844359618,2.2735968031118032
2024-11-14,-0.0077735695698207844,-0.00566122457296942,-0.002112344996851365,4.217333161680513,3.689327423569397,-0.006049741202730607,2.259842130853621
2024-11-15,-0.005632069550692093,-0.016385566088943555,0.010753496538251462,4.193580847995489,3.6288757052467484,-0.0132035225081818,2.230004254413958
2024-11-18,0.0036275756535039433,0.004300598901997939,-0.0006730232484939958,4.208793379780678,3.6444820441202195,0.003917814472747416,2.238740997356189
2024-11-19,0.010577755983476081,0.0101109426472067,0.0004668133362693821,4.253312969136868,3.681331193047094,0.003963608105035599,2.247614489318386
2024-11-20,-0.0001151547315435934,-0.0018899411643365184,0.001774786432792925,4.252823180023737,3.6743736936857982,2.197066746889575e-05,2.2476638709089287
2024-11-21,0.0007196636065891813,0.0002551390057598254,0.0004645246008293559,4.255883782091659,3.6753111697367955,0.005340444913141784,2.259667395994777
2024-11-22,0.003606790736497478,0.00044168297077116136,0.0031651077657263165,4.271233864292516,3.6769344920927534,0.003467978771868108,2.2675038745555693
2024-11-25,0.0011917665827146263,-0.0004208491754869834,0.0016126157582016095,4.276324178078939,3.6753870572434364,0.003020434419885643,2.274352721305501
2024-11-26,0.008105529619779329,0.009553872389921536,-0.001448342770142207,4.310986050368137,3.7105012361719094,0.005722044904524104,2.2873666697055377
2024-11-27,-0.007426051177270767,-0.0067450715999453495,-0.0006809795773254175,4.278972447333603,3.6854736396622445,-0.003801296326742198,2.2786717111860737
2024-11-28,-0.001347753513702407,-0.00022832862930442414,-0.0011194248843979827,4.273205447182673,3.684632140517763,,
2024-11-29,0.006852656721441528,0.008149383484624727,-0.0012967267631831987,4.30248825721241,3.7146596208306155,0.005607844313972654,2.291450147385059
2024-12-02,0.006232210581229361,0.009414919265360353,-0.0031827086841309917,4.329302270054624,3.7496328412590296,0.002448453180999843,2.2970606557875266
2024-12-03,0.00479681210458692,0.005358105439990556,-0.0005612933354036363,4.350069119588038,3.7697237693837464,0.0004514523370513501,2.2980976691889308
2024-12-04,0.012352417139952011,0.010594722183168731,0.00175769495678328,4.403802987940813,3.809662945427655,0.006051359696390701,2.31200428480263
2024-12-05,-0.0009455907547411819,0.0012414070879444106,-0.0021869978426855927,4.399638792549715,3.814392288010789,-0.001869714728850336,2.3076814963381693
2024-12-06,0.00495932288130961,0.005793235852272984,-0.000833912970963374,4.4214580218831045,3.8364899621683266,0.002495428066323191,2.3134401495122665
2024-12-09,-0.0077121969599560965,-0.006416237139738316,-0.0012959598202177802,4.387358866768165,3.811874132786829,-0.006144226774839168,2.2992258486036454
2024-12-10,-0.004947528237069864,-0.002234358459957806,-0.0027131697771120584,4.36565228488867,3.8033570395699425,-0.002963893042120747,2.292411189108705
2024-12-11,0.016038026324468966,0.015388433786943125,0.0006495925375258407,4.435668731157193,3.861884747541469,0.008165821859812183,2.311130610508407
2024-12-12,-0.006234957370918721,-0.006601630023557035,0.00036667265263831336,4.408012525706911,3.836390013244582,-0.005414032106163646,2.298618075181577
2024-12-13,0.0035927129513463056,0.00417192131123085,-0.0005792083598845448,4.423849249397715,3.8523951304990303,-2.644081801272957e-05,2.2985572978393702
2024-12-16,0.010549881863802225,0.010410654648709298,0.00013922721509292656,4.470520336362131,3.892501085773025,0.00379931549522472,2.307290242197713
2024-12-17,-0.0048779788181543245,-0.0026577008623486827,-0.0022202779558056418,4.448713232855228,3.8821559822806724,-0.003863959644917481,2.2983749658127492
2024-12-18,-0.03035113340410217,-0.030811231080408993,0.00046009767630682263,4.3136897440482445,3.7625419772204305,-0.02949289410489186,2.2305892363326993
2024-12-19,-0.007324768807962996,-0.00020345696888094265,-0.007121311839082053,4.282092963963811,3.761776461834458,-0.0008650990436227524,2.2286595557176327
2024-12-20,0.010068598913510222,0.009448761373466421,0.0006198375400438012,4.325207640528327,3.7973205899626543,0.01086912058468625,2.252883125170941
2024-12-23,0.011258901539075633,0.012388744922949948,-0.0011298433838743144,4.373904727489093,3.844364626142368,0.007287319692792726,2.2693006047345596
2024-12-24,0.010030442170882498,0.012889714601510015,-0.0028592724306275175,4.417776925919123,3.893917388997484,0.01104272296775899,2.294359862643211
2024-12-25,0.0,0.0,0.0,4.417776925919123,3.893917388997484,,
2024-12-26,-0.0003182496152295192,-0.0017442100758048526,0.0014259604605753335,4.416370970112279,3.887125579053243,-0.0004056264528049525,2.293429209590669
2024-12-27,-0.011504022873618529,-0.013806871852470539,0.0023028489788520096,4.365564937453723,3.8334565343087945,-0.01105573581511832,2.2680736621387587
2024-12-30,-0.010807338741164636,-0.011134004938062336,0.0003266661968976993,4.3183847983781085,3.790774810325953,-0.01070201177723751,2.2438007110949076
2024-12-31,-0.00709080059296762,-0.008306181997856077,0.0012153814048884567,4.287763992889107,3.7592879448384973,-0.004284790432948271,2.2341864952745656
2025-01-01,0.0,0.0,0.0,4.287763992889107,3.7592879448384973,,
2025-01-02,0.002916095201123789,-0.00155284576383672,0.004468940964960509,4.300267520892322,3.753450350478312,-0.002223873314030289,2.2292179475491576
2025-01-03,0.017715869353065992,0.016325863106817093,0.001390006246248899,4.376450498475683,3.8147286670784557,0.01259595641172018,2.257297079648711
2025-01-06,0.017314336914154876,0.012559781773934313,0.004754555140220563,4.452225836894412,3.862640826663732,0.005538101159955344,2.2697982192238775
2025-01-07,-0.01640452739466167,-0.018025571978640333,0.0016210445839786626,4.379189176185857,3.79301451641507,-0.0111038963212382,2.2445946151274843
2025-01-08,-0.0013440656477257595,2.574583190727723e-05,-0.0013698114796330367,4.373303258449254,3.7931121707292315,0.001560323775645189,2.248096909472153
2025-01-09,0.0016327890529141973,7.2282667335892014e-06,0.001625560786180608,4.3804439401347235,3.793139588355752,,
2025-01-10,-0.014169550822711633,-0.01442771171938618,0.00025816089667454745,4.318375017098945,3.7384132638635643,-0.01541165040341319,2.2134500258303746
2025-01-13,-0.006336827958686558,-0.0037642620935545773,-0.0025725658651319806,4.291010217554499,3.7243408965243607,0.001575413932288106,2.2169371258394914
2025-01-14,-0.002417077342719127,-0.004166200985325281,0.0017491236426061536,4.280638513980271,3.708824543811574,0.001146289893115604,2.219478378460514
2025-01-15,0.02451247031282113,0.02473290905276914,-0.000220438739948009,4.385567538474132,3.800554563946343,0.01831279276935627,2.2601232260613284
2025-01-16,-0.0026474647959478393,-0.007602263170799861,0.004954798374852022,4.37395690280577,3.7716617479562387,-0.002112636997870454,2.255348406114205
2025-01-17,0.015486356711578908,0.01233845180239304,0.003147904909185869,4.441693559643693,3.818198214648326,0.009991006073426734,2.2778816057373854
2025-01-20,-0.0004644726626192994,-7.645526022731746e-05,-0.0003880174023919819,4.439630514409506,3.8179062933102252,,
2025-01-21,0.013232679370291498,0.008681294742032395,0.004551384628259103,4.4983787215292494,3.851050663139912,0.00876821430596375,2.2978545598201037
2025-01-22,0.01470622885674015,0.013295626341673143,0.0014106025150670068,4.564532908492349,3.902252793779873,0.006137961132307579,2.3119587017959753
2025-01-23,0.0021852491485323815,0.004395656734222798,-0.002210407585690417,4.574507550144079,3.919405757551491,0.00531351199483443,2.32424332208953
2025-01-24,-0.004165026688070338,-0.003726114432604115,-0.00043891225546622333,4.55545460411295,3.904801603191047,-0.002855176989921104,2.3176071960373226
2025-01-27,-0.03985253003087823,-0.03140886518562858,-0.008443664845249645,4.373908212698236,3.782156216059793,-0.0145806426234667,2.283814993770328
2025-01-28,0.016164310735407316,0.01995407408933219,-0.0037897633539248736,4.4446094241764404,3.8576256414124783,0.009217800900823026,2.304866745677217
2025-01-29,-0.004250331548149804,-0.00524895859612439,0.0009986270479745863,4.4257183605216595,3.8373771241413563,-0.004678873378710091,2.2940825660193935
2025-01-30,0.005902059237112132,0.003908495076987354,0.0019935641601247786,4.451839212452233,3.852375493739607,0.005275437094634849,2.3061848542863275
2025-01-31,-0.007024835533508312,-0.002981024185913898,-0.004043811347594415,4.4205657741631335,3.840891469219547,-0.005046803169735048,2.2945459932537204
2025-02-03,-0.009130880067001268,-0.011429165863540784,0.0022982857965395155,4.380202118250959,3.7969932835539777,-0.007608603880785325,2.2770877017048097
2025-02-04,0.012948371657581632,0.014320634406790177,-0.001372262749208545,4.436918603213399,3.8513686362127917,0.007224871842350655,2.2935393685234198
2025-02-05,0.005525544323393422,0.0014583569917381081,0.004067187331655313,4.461434993614743,3.8569853065911737,0.003908656680821743,2.3025040264989265
2025-02-06,0.00894979187366335,0.007248059949788635,0.0017017319238747152,4.501363908265474,3.8849409673188005,0.00364432448840879,2.3108950983073564
2025-02-07,-0.01322317089381324,-0.012881920226486399,-0.0003412506673268409,4.441841604051237,3.834895467693191,-0.009464837258386094,2.289022852280675
2025-02-10,0.01029756061248753,0.009813193740969079,0.0004843668715184511,4.487581737200023,3.8725280398940285,0.006712589964470439,2.3043881241073376
2025-02-11,-0.00023497931631197175,-0.0007237939759236118,0.00048881465961164,4.486527248311522,3.869725127427158,0.0003395731269080215,2.3051706323882506
2025-02-12,-0.0027464831711115733,-0.0019440488719131325,-0.0008024342991984409,4.474205076727301,3.8622021926585695,-0.002723902117491961,2.298891573221508
2025-02-13,0.013884052304957446,0.011871655790853823,0.002012396514103622,4.53632517403569,3.908052927684493,0.01042635703746053,2.322860637554325
2025-02-14,0.0015586543309130646,0.0015281276343777008,3.0526696535363796e-05,4.54339573691463,3.914024931359898,-7.195338728738232e-05,2.3226934998632562
2025-02-17,0.00033381419111052913,3.0305953050835677e-05,0.00030350823805969345,4.544912386887443,3.9141435496157078,,
2025-02-18,0.0064487066931291645,-0.00016209380415926807,0.006610800497288433,4.57422119381645,3.9135090911977253,0.002444955786368164,2.3283723827757066
2025-02-19,-0.0012530199878445687,0.0010800616571308575,-0.0023330816449754262,4.568489603231775,3.9177359223119614,0.002376998097748828,2.333906919500415
2025-02-20,-0.00749146859006545,-0.006667307736793176,-0.000824160853272274,4.534264906865124,3.8916151712864187,-0.004334204080303938,2.323791290606867
2025-02-21,-0.02226208284331555,-0.020015746793965616,-0.002246336049349932,4.4333227258749535,3.8137215873983945,-0.0170641044083224,2.2841378734008013
2025-02-24,-0.013756154490001246,-0.011596772916741133,-0.002159381573260113,4.372337253553784,3.769494724181662,-0.00496912589616394,2.2727877047436764
2025-02-25,-0.010088555252854545,-0.008957157956340767,-0.001131397296513778,4.328226687587192,3.735730764521574,-0.004679730915472358,2.262151669857482
2025-02-26,0.007954811795036215,0.002579599742226511,0.0053752120528097035,4.362656916293202,3.745367454638761,0.0001360144410393893,2.262459355152404
2025-02-27,-0.025248298884638025,-0.024689741916900373,-0.0005585569677376521,4.252507250539498,3.6528952987997725,-0.01586451446090209,2.2265665359953855
2025-02-28,0.015244443475403355,0.017193315472731643,-0.0019488719973282873,4.3173343569490905,3.7157006800608956,0.01585411417077687,2.2618667760658875
2025-03-03,-0.025825928997510874,-0.024872096621213924,-0.0009538323762969501,4.205835186388009,3.6232834137309107,-0.01759677554790495,2.2220652140881927
2025-03-04,-0.008313484236365618,-0.007057725324856622,-0.001255758911508996,4.1708700418652205,3.5977112746226894,-0.01223477363019099,2.1948787492023016
2025-03-05,0.01574116984025113,0.014255945316856103,0.0014852245233950255,4.236524415575836,3.6490000498195467,0.01115928108477626,2.219372018111652
2025-03-06,-0.025519911568241696,-0.02386513604187133,-0.0016547755263703647,4.128408687133644,3.5619161672138078,-0.01781903012855501,2.1798249612544485
2025-03-07,0.004052382746928286,0.003853639540830612,0.000198743206097674,4.145138579269653,3.5756425081969065,0.005520587189728143,2.1918588750113996
2025-03-10,-0.0357258641119314,-0.03742988537877302,0.0017040212668416252,3.997049921661541,3.4418066189596277,-0.02697306852448778,2.1327377153797107
2025-03-11,0.0012685480712515754,-0.0033402385888473395,0.004608786660098915,4.002120371630361,3.4303101636756286,-0.007567823658488071,2.1165975324399104
2025-03-12,0.01764869222832915,0.012755673822247683,0.004893018406081468,4.072752562329992,3.474066081232616,0.004886873280486537,2.1269410763667347
2025-03-13,-0.01304034060812126,-0.01830012201847951,0.005259781410358252,4.019642481704611,3.410490248045798,-0.01389102209204718,2.097395690886442
2025-03-14,0.02562090644230858,0.0232956727671087,0.0023252336751998816,4.122629365659893,3.4899399128396884,0.02126588330749479,2.1419986628984753
2025-03-17,0.007671898521931573,0.0021520792427144934,0.0055198192792170805,4.154257759796771,3.4974505400844316,0.006416099479689574,2.155741939404994
2025-03-18,-0.015205813591602503,-0.015407801826164594,0.0002019882345620904,4.091088890689832,3.4435625152659983,-0.01065351922073898,2.13277570121859
2025-03-19,0.010720050750734771,0.013220642025439037,-0.002500591274704266,4.134945571223795,3.4890886225725506,0.01079851674010546,2.155806515331089
2025-03-20,0.0015298467547755893,-0.00017719787035198507,0.0017070446251275743,4.141271404287105,3.4884703634991614,-0.002184910374623983,2.15109627131006
2025-03-21,0.0003009406310600758,0.005239131201083057,-0.0049381905700229805,4.142517681116902,3.5067469174246235,0.0008246672635350283,2.1528702099857218
2025-03-24,0.01976099563472366,0.021113505757374713,-0.0013525101226510537,4.224377954930218,3.580786638655325,0.01764604168284056,2.1908598474488756
2025-03-25,-0.0010088207296127347,0.0032192975414589084,-0.004228118271071643,4.220116314879565,3.592314256277637,0.001574319860877305,2.194308961619113
2025-03-26,-0.019467210954083727,-0.019565626977534254,9.841602345052672e-05,4.1379624203270335,3.52202837555323,-0.01115698545004451,2.1698270884614264
2025-03-27,-0.007899485894240771,-0.005304917910680001,-0.00259456798356077,4.105274644556762,3.5033443041418346,-0.003306957039319269,2.1626515634971333
2025-03-28,-0.025236419328825577,-0.024579387162640354,-0.0006570321661852237,4.001672212166732,3.417234248126302,-0.01973720032810455,2.119966876348502
2025-03-31,-0.0005796019036736663,0.0024744059457674906,-0.003054007849441157,3.9993528353346823,3.425689872867946,0.005538493515429455,2.1317082991460836
2025-04-01,0.007537457754322069,0.006992832891576435,0.0005446248627456341,4.029497788375646,3.4496451496872775,0.003781284246727745,2.1397688941562634
2025-04-02,0.007112775821442819,0.007286321146686577,-0.00017354532524375792,4.058158702817361,3.4747803720900086,0.006728125160880394,2.1541655270915054
2025-04-03,-0.05773385403527503,-0.055696814829129415,-0.002037039206145612,3.823865560616923,3.281246173133818,-0.04839560075260485,2.0499133922873605
2025-04-04,-0.06170285463989579,-0.059245007788143206,-0.0024578468517525848,3.5879221397676737,3.0868487180516895,-0.05974961641947041,1.9274318534050554
2025-04-07,0.002887302365551005,0.0007439173755322121,0.0021433849900187926,3.5982815558492374,3.0891450784486874,-0.002331457131144909,1.9229381286656384
2025-04-08,-0.013763922861059022,-0.016837203268880944,0.0030732804078219215,3.5487550860821573,3.0371325148357835,-0.01570052842115655,1.892746983924398
2025-04-09,0.1069606153441072,0.11243609781743527,-0.005475482473328075,3.928332113795035,3.378615843358373,0.09515390034057347,2.072849241802661
2025-04-10,-0.035445839074038206,-0.037725849455536746,0.00228001038149854,3.7890890858600796,3.2511546906837436,-0.0346075610694716,2.0011129850791676
2025-04-11,0.016197710123357207,0.021046250753422747,-0.00484854063006554,3.850463652504418,3.3195793075420403,0.01809208340847168,2.0373172881149957
2025-04-14,0.004642886985929978,0.004661626960205275,-1.873997427529698e-05,3.8683409200864274,3.335053947938618,0.007944646639420183,2.053503054061451
2025-04-15,-0.0007240222259778579,-0.0007510089776868204,2.6986751708962548e-05,3.865540155282625,3.3325492924826463,-0.001727719539694084,2.0499551767101276
2025-04-16,-0.02866777246314938,-0.030298295946453696,0.001630523483304315,3.754723729663816,3.2315787277628623,-0.02240842896400164,2.0040189017534313
2025-04-17,-0.0026050390161268928,-0.0016824330701710006,-0.0009226059459558921,3.744942527853264,3.2261418128424126,0.001326838144701137,2.0066779104749797
2025-04-18,3.092204770543809e-05,2.9607883338439758e-05,1.3141643669983323e-06,3.745058329144765,3.2262373320728406,,
2025-04-21,-0.025055430634157747,-0.026170729821010295,0.0011152991868525475,3.651224279958004,3.141804346516705,-0.02356749389516721,1.9593855410702936
2025-04-22,0.025091756016140384,0.026529235270499725,-0.001437479254359341,3.7428399087509177,3.2251540131993255,0.02511728897677501,2.008599993922271
2025-04-23,0.0242490734922782,0.023155937742984585,0.0010931357492936153,3.833600308768051,3.299835478740506,0.01666111926411173,2.042065517974904
2025-04-24,0.02628941681861699,0.025603578640187794,0.0006858381784291961,3.934383425201233,3.3843230759201206,0.02025908412793509,2.083435895098313
2025-04-25,0.013181304517045358,0.013192206063800475,-1.0901546755117536e-05,3.9862437312156267,3.428969763324134,0.007373144179245283,2.0987973683410877
2025-04-28,-0.0024271159678578083,-0.001413222310737846,-0.0010138936571199623,3.97656865540382,3.424123866751759,0.0006406996295162948,2.1001420670374134
2025-04-29,0.0033219673409261566,0.0049464907480426265,-0.00162452340711647,3.989778686606022,3.4410612637787983,0.00580239656341841,2.1123279241498816
2025-04-30,-0.00016608464982895618,0.00040844016588984877,-0.000574524815718805,3.989116045609962,3.4424667314122135,0.001479994892848779,2.115454158689645
2025-05-01,0.014443264752618196,0.01377269348351984,0.0006705712690983565,4.0467319047856245,3.4898787705311682,0.006299088176460632,2.1287795909684917
2025-05-02,0.01890031396821403,0.014739053029257484,0.004161260938956548,4.1232164083312615,3.541316278795707,0.01472661282551813,2.1601293037955496
2025-05-05,-0.00475737226823949,-0.007403624110105899,0.0026462518418664096,4.103600732934316,3.5150977042125047,-0.006381590632127399,2.146344242866264
2025-05-06,-0.008037133995873014,-0.009440855592736518,0.0014037215968635032,4.07061954397816,3.4819121743926744,-0.007693287885062627,2.129831798705447
2025-05-07,0.005465529862920546,0.002668565561102279,0.002796964301818267,4.0928676366563606,3.4912038853080416,0.004346422539330819,2.1390889476403236
2025-05-08,0.006429510810807375,0.006735788455284019,-0.00030627764447664456,4.1191827733734465,3.5147198961337427,0.005799747126763233,2.1514951226182917
2025-05-09,-0.0015312133400239888,6.654618312693387e-05,-0.0015977595231509226,4.11287542576086,3.5149537873275905,-0.0007115188367108338,2.149964293311457
2025-05-12,0.041882640418674635,0.04116797435581074,0.0007146660628638973,4.285133508304806,3.6596573147061524,0.03255882160670387,2.219964597198168
2025-05-13,0.0139541847079361,0.01341325328015281,0.0005409314277832894,4.344929052777858,3.7087452251868696,0.007248224304822415,2.2360553985474247
2025-05-14,0.00820850103994332,0.007231221630608946,0.0009772794093343739,4.380594407426065,3.735563983881659,0.001024369112638146,2.2383459446318446
2025-05-15,-0.0019749135806664364,-0.001751059304854426,-0.0002238542758120105,4.371943112039447,3.7290227898088038,0.004132315556174104,2.247595496398946
2025-05-16,0.006115002873271424,0.00524076037684503,0.0008742424964263947,4.398677556731347,3.7485657046899856,0.007005322016653937,2.2633406266144016
2025-05-19,0.0006311311605013354,8.612287460707185e-07,0.0006302699317552647,4.401453699202399,3.748568933062527,0.000876077054501545,2.2653234874038994
2025-05-20,-0.00420574664044929,-0.004502888643870138,0.00029714200342084805,4.382942300093886,3.7316895445830753,-0.003880206586625579,2.256533564287237
2025-05-21,-0.013440117150435764,-0.013805792222385344,0.0003656750719495793,4.324035042117023,3.6801706140921135,-0.01613511411574198,2.2201241377214607
2025-05-22,0.0010565253441930833,0.0028169555850020775,-0.0017604302408089942,4.328603494728198,3.690537491257241,-0.0004448543187653975,2.2191365059106
2025-05-23,-0.008255793033089775,-0.01018357676369014,0.0019277837306003655,4.2928674401534135,3.6529546194157465,-0.006708307585916562,2.2042498556538153
2025-05-26,0.0006017509118763891,0.00011875627310207489,0.00048299463877431425,4.2954506770500895,3.653388430692159,,
2025-05-27,0.02220992482652012,0.02364991405228979,-0.001439989225769673,4.390852313683397,3.7397907530776586,0.0204590182014952,2.24934664357128
2025-05-28,-0.002427285480714772,-0.00323371623049675,0.0008064307497819777,4.380194461614431,3.72769733102077,-0.005571185873944895,2.2368151153250104
2025-05-29,0.004540856847813683,0.004595958875528944,-5.510202771526109e-05,4.400084297630207,3.74482967465456,0.004011174227950942,2.2457873704682934
2025-05-30,-0.004334962152717506,-0.001637878475622673,-0.0026970836770948328,4.381010098731213,3.73869609873557,-8.118846379590039e-05,2.245605038441673
2025-06-02,0.009713223272281126,0.006523311517591022,0.003189911754690105,4.423563827978308,3.7630847780572245,0.00410204188649943,2.2548166043698945
2025-06-03,0.007644023256632835,0.006361076371162705,0.0012829468854701305,4.457377652756573,3.7870220477216066,0.005800260784307065,2.2678951286960256
2025-06-04,0.007191341064670001,0.003566604061656774,0.0036247370030132267,4.489432175711584,3.8005288559385946,7.369727504324963e-05,2.268062266387094
2025-06-05,-0.0009032065548172717,-0.007630246752558224,0.006727040197740952,4.485377291143074,3.7715298829775654,-0.005277340930292529,2.2560929285562374
2025-06-06,0.010889405909449541,0.011854452927447688,-0.0009650470179981465,4.534220385123358,3.816239306439785,0.01028067280655964,2.279287081775917
2025-06-09,0.0041181719358914315,0.002900679604685891,0.0012174923312055406,4.552893084264519,3.8273089939625757,0.0009199448033119229,2.281383900082053
2025-06-10,0.0066125508572376975,0.007697516301022783,-0.0010849654437850853,4.5829993213317834,3.856769767332654,0.005482960032501483,2.293892636824995
2025-06-11,-0.0006156886785988395,-0.003612380061042939,0.0029966913824440995,4.580177620535613,3.8428376491251086,-0.002743918089822439,2.2875983833227003
2025-06-12,0.005490413355000373,0.004950296951767655,0.0005401164032327183,4.605324688911676,3.8618608366257106,0.003822497940965564,2.2963427234327076
2025-06-13,-0.011067927164609245,-0.010201045884590474,-0.0008668812800187702,4.554353290685425,3.8224658170313885,-0.01129645375054178,2.270402194062057
2025-06-16,0.014657586611760146,0.011811337218564505,0.0028462493931956413,4.621109118504202,3.8676142498027817,0.009392719053299414,2.291727444008876
2025-06-17,-0.005002769156379302,-0.0076735228606590435,0.002670753704279742,4.597990776337886,3.8379360234407094,-0.008352242873078675,2.2725863797976142
2025-06-18,8.577848139716703e-05,6.30996178748182e-05,2.267886352234883e-05,4.598385185004158,3.8381781957372163,-0.000309223898160127,2.2718836417783477
2025-06-19,-0.00015758931423173864,-8.755579701787803e-05,-7.00335172138606e-05,4.59766052863628,3.837842140986192,,
2025-06-20,-0.003652532860947357,-0.005715265524204609,0.0020627326632572524,4.580867422471956,3.8159078541104736,-0.002178612810510794,2.2669340869723795
2025-06-23,0.0072074831182317774,0.01017505622648601,-0.002967573108254233,4.61388394708628,3.854734931081137,0.009606490790637912,2.288711368401863
2025-06-24,0.019694573732243932,0.014514916916649037,0.005179656815594895,4.704752424674188,3.9106860883414845,0.01112167789456575,2.3141656790348595
2025-06-25,0.006118644760981655,0.004879226147738781,0.001239418613242874,4.733539133449137,3.929767210159319,-3.282897091061443e-06,2.3141580818670837
2025-06-26,0.010072441802635897,0.00848016705290862,0.0015922747497272762,4.781217430891303,3.9630922925805128,0.008020143922681022,2.332717962743493
2025-06-27,0.004254894911148749,0.00622258697763251,-0.0019676920664837613,4.801561008607098,3.98775297907148,0.005219002706390752,2.3448924241042977
2025-06-30,0.0042326545432496004,0.003914216994998188,0.00031843754825141256,4.821884357624869,4.003361909554016,0.005164367162530104,2.3570023095390074
2025-07-01,-0.008483838017357798,-0.007088008165390319,-0.0013958298519674787,4.780976271796349,3.9749860476500847,-0.001118461873181875,2.3543660923207863
2025-07-02,0.005066846624456383,0.009916290714479001,-0.004849444090022618,4.805200745280706,4.01440316488458,0.004745071401949907,2.365537727535178
2025-07-03,0.009655154926450825,0.010064584295563377,-0.00040942936911255237,4.851595702929088,4.054806463933938,0.00833892687501403,2.385263773665181
2025-07-04,-0.0011414567812646267,-0.00018901415561430312,-0.0009524426256503236,4.846057816114025,4.054040048113977,,
2025-07-07,-0.007765902687010851,-0.00935632781028451,0.0015904251232736599,4.808423802698456,4.016109120467801,-0.00786227873904155,2.3665101650104874
2025-07-08,0.001419322986663501,-0.0018554659949476745,0.003274788981611176,4.815248509131245,4.008657366562774,-0.0007158931489344988,2.3648159965964726
2025-07-09,0.00700975631595794,0.009073512523615086,-0.0020637562076571457,4.8490022277810345,4.045029969381163,0.0060621442064277,2.3791518521895076
2025-07-10,0.004220034586032192,0.00196293191439959,0.0022571026716326015,4.869465184890017,4.052970087802764,0.00274617371784025,2.3856854164767416
2025-07-11,0.0008511074189984858,-0.00027565866259579537,0.0011267660815942812,4.873609622835432,4.05185285148882,-0.003297529161876644,2.3778185492448456
2025-07-14,-0.00021244240833980495,0.0009240665566950296,-0.0011365089650348344,4.872574261469849,4.05559703320153,0.001407404449059513,2.381165101650109
2025-07-15,0.0038663476026775966,0.0032494856643857676,0.000616861938291829,4.8914133272845515,4.068775637621444,-0.003956251515499609,2.371744613608051
2025-07-16,0.0012199033918154224,0.0033870874173810243,-0.0021671840255656017,4.897380378993277,4.082556936387777,0.003193588478737075,2.3793189898805767
2025-07-17,0.0014058850727834964,0.005684270777165877,-0.0042783857043823805,4.904265532963846,4.105763295477402,0.005373820585277134,2.3921050232473378
2025-07-18,-0.001317582597158813,-0.0005088912302142895,-0.0008086913669445234,4.897803758045767,4.103673908542998,-9.051412020266714e-05,2.3918885039657263
2025-07-21,0.0042379727319142935,0.003705830912382731,0.0005321418195315627,4.918560516818633,4.118881430167615,0.001399125586211358,2.3952350563709897
2025-07-22,-0.008986054760183423,-0.0057991708847414634,-0.00318688387544196,4.8743620626732245,4.094995332900085,0.0006375285460542557,2.396762087093936
2025-07-23,0.010444041406291703,0.009123948841386025,0.001320092564905678,4.925270101885041,4.132357860823181,0.007811880905664648,2.415485307077526
2025-07-24,0.004879408071001286,0.0033852633669653213,0.0014941447040359643,4.9493025045720405,4.146346980508617,0.000698232873244109,2.4171718783237655
2025-07-25,0.002902569766303947,0.004143686171899218,-0.0012411164055952705,4.9636682003861035,4.163528141155647,0.003974321701619488,2.4267784969763317
2025-07-28,0.0035068204945055007,0.0037520271907633476,-0.00024520669625784693,4.981074893759143,4.179149811950771,0.000176876455708852,2.4272077369556673
2025-07-29,-0.0038551195018699863,-0.004601051904950847,0.0007459324030808607,4.961872254795937,4.15992132674742,-0.002959417944620957,2.420024614823598
2025-07-30,0.0035694245304725356,0.00188015806103096,0.0016892664694415755,4.979583283339276,4.167742636363159,-0.001249438851269713,2.4170009420488086
2025-07-31,0.002030878881310998,0.0021280083470182486,-9.712946570725059e-05,4.9896962138671395,4.176611627481564,-0.00369485611906506,2.4080704713282937
2025-08-01,-0.022715454036481002,-0.021315534021951393,-0.001399920014529609,4.876352998865037,4.087584920239503,-0.01599207494727417,2.3695604278724938
2025-08-04,0.019081304171360874,0.017821343673005533,0.0012599604983553406,4.969400173683308,4.160431175895686,0.01473707159815385,2.4044808095542027
2025-08-05,-0.004277853144953256,-0.0058220716739016635,0.0015442185289484076,4.948141809521786,4.136208847395285,-0.004857865951336082,2.3928001640988286
2025-08-06,0.007729448120711139,0.011686244766646744,-0.003956796645935606,4.986388214932406,4.184545596391917,0.007281888623775545,2.410224268392748
2025-08-07,-9.68735263246905e-05,0.0010565966943289179,-0.0011534702206536084,4.985905165922402,4.188966973436334,-0.0007974707882983934,2.4083021849454567
2025-08-08,0.011993445873212003,0.011115640424741415,0.0008778054484705877,5.045703349658861,4.23553002406417,0.007799684542586727,2.4270861822712537
2025-08-11,0.0005655332618782084,-0.001208243886186161,0.0017737771480643694,5.048556862732663,4.2304124708078366,-0.002504127898332431,2.421008448050571
2025-08-12,0.0144580887658808,0.011114935968575214,0.0033431527973055864,5.121549345993648,4.277433234541528,0.01134550361264308,2.448476008144168
2025-08-13,3.6684448097765195e-05,-0.0018983644514958685,0.0019350488995936337,5.121737227204811,4.269313107345427,0.003230030283473129,2.456384659798831
2025-08-14,0.001464291816721482,0.0033336793170035614,-0.0018693875002820794,5.129236945114005,4.283545628149197,0.0003030968456279037,2.4571291822408647
2025-08-15,0.00020684807320380362,-0.0032658000979993284,0.003472648171203132,5.130297917893108,4.269556424417003,-0.002897098881664117,2.4500106360348903
2025-08-18,0.0006406354850743688,-0.0002063865849267846,0.0008470220700011533,5.133584568788313,4.268675245247415,-0.0001007783187076949,2.449763728082175
2025-08-19,-0.012982331525353856,-0.013825144165178969,0.0008428126398251131,5.066938672002863,4.209660194587539,-0.005858136343549147,2.4354126781535883
2025-08-20,-0.007589974572438495,-0.00580113063978791,-0.0017888439326505853,5.028480736322256,4.185239405849622,-0.002431617579394141,2.429490685872311
2025-08-21,-0.004027872847075163,-0.004933994775525756,0.0009061219284505935,5.008226655302383,4.164589456486834,-0.00400420277120217,2.419762512535331
2025-08-22,0.015915794913695103,0.01679896583919043,-0.0008831709254953288,5.0879365636294756,4.234550252500609,0.01518640789806236,2.456510013067133
2025-08-25,0.0008479733504269784,-0.00048590459727421094,0.0013338779477011892,5.092250998244096,4.232492665065531,-0.00426633430803891,2.4460297201203436
2025-08-26,0.0048921095114467395,0.005593207464784057,-0.0007010979533373174,5.11716284778728,4.256165874634419,0.004133976879546308,2.4561415504300044
2025-08-27,0.002485241681910457,0.0018624370612422077,0.0006228046206682492,5.129880234189725,4.2640927156981325,0.002390990327779008,2.4620141611207385
2025-08-28,0.009936244699948332,0.004646438485943324,0.005289806214005008,5.180851979478063,4.283905560199982,0.003156725398833604,2.469786063755436
2025-08-29,-0.009508010355328497,-0.01126267577080138,0.0017546654154728843,5.131592385207761,4.235657320842717,-0.006398169139292365,2.4539839547816618
2025-09-01,-0.0013376254139860233,-0.00044211339842141245,-0.0008955120155646108,5.12472823681909,4.23378467999005,,
2025-09-02,-0.006871765662845434,-0.007084100044097084,0.00021233438125164983,5.089512305289902,4.203792125751835,-0.006922322011807647,2.4369966876348537
2025-09-03,0.00919895334703478,0.011364194635852524,-0.002165241288817744,5.136330491545422,4.251564837677543,0.005100116280157385,2.44942565411615
2025-09-04,0.014490059234369057,0.010602835687951614,0.003887223546417443,5.210756224615212,4.296643481068109,0.00834643764364329,2.4698696326009704
2025-09-05,0.002784264602073778,-0.0013926553880173975,0.004176919990091175,5.225264348721443,4.29065973737381,-0.003165141001033489,2.4620521469596177
2025-09-08,0.005393600234390085,0.00447939788186572,0.000914202352524365,5.253447335737458,4.309879309513209,0.002105993982874255,2.467237213966637
2025-09-09,0.011562761271061366,0.0065194859170375746,0.005043275354023791,5.314191693130684,4.3379775069757125,0.00268815962679847,2.473869541434957
2025-09-10,0.013056285801626401,0.010793693871224384,0.002262591930402017,5.383575298680826,4.384800308206265,0.002983442890024168,2.4812501899291983
2025-09-11,0.006660497083453558,0.00430656918473568,0.0023539278987178775,5.419432586256243,4.403683754094806,0.008485863528086224,2.5023057404199753
2025-09-12,0.005013814334016706,0.005011648947005545,2.1653870111611184e-06,5.446604615039451,4.425753471143961,-0.0004827346462299431,2.5010977907436147
2025-09-15,0.009634224123140696,0.010491248844312651,-0.0008570247211719551,5.4990784246108735,4.472185152133313,0.004706657817319604,2.512869602212299
2025-09-16,0.0004090075166318992,0.0008257911520901808,-0.00041678363545828164,5.501327589021088,4.4758782430624535,-0.00128792734396721,2.509633208739786
2025-09-17,-0.006227374566632307,-0.0032648358158276145,-0.0029625387508046925,5.467068761510505,4.46126523546722,-0.0009702183823840915,2.507198316467625
2025-09-18,0.010391366483203839,0.00507811593228592,0.005313250550917919,5.5238790766002355,4.483920057537599,0.004789139969850087,2.519205640137361
2025-09-19,0.002439463381257943,0.007221528192726189,-0.004782064811468246,5.537354377330098,4.516300812647037,0.004885433567150432,2.5315130519342426
2025-09-22,0.004123240938413404,0.008768947466432569,-0.004645706528019165,5.560186223589208,4.555904017215745,0.004410025868950784,2.542677089980859
2025-09-23,-0.005236698037468093,-0.008530539264347967,0.003293841226879874,5.531069207304181,4.517039699112286,-0.005502147525676904,2.5286869055216257
2025-09-24,-0.007718952687850978,-0.0031130544150549206,-0.004605898272796057,5.488375145779771,4.502977908733986,-0.002846661819580154,2.521488589054005
2025-09-25,-0.004640665265190487,-0.005280966996066662,0.0006403017308761749,5.462905433878416,4.479197831013945,-0.005009061505249379,2.5088582976266487
2025-09-26,0.00081177892342856,0.002036393904227514,-0.001224614980798954,5.4673401053703214,4.488319242172851,0.00590183989631643,2.523665177621786
2025-09-29,0.005932346548204995,0.0030159610966108493,0.002916385451594146,5.499774261572278,4.501855838396415,0.002635579571624191,2.530316498009545
2025-09-30,0.007410279367836215,0.005029917238212778,0.0023803621296234374,5.540529125310563,4.524499800681915,0.004090848359382226,2.540667639104145
2025-10-01,0.01092200265975439,0.007084401993901031,0.0038376006658533595,5.601042799153651,4.5565531760912705,0.003399885773406774,2.5493056188652905
2025-10-02,0.004507223081499723,0.0016190007531957274,0.0028882223283039957,5.626287948538464,4.563930239115339,0.0006183692931220897,2.5508820311787805
2025-10-03,-0.0014099078032597581,-0.0017143893172998337,0.0003044815140400756,5.618355401256434,4.556105885868498,6.552152903416264e-05,2.551049168869849
2025-10-06,0.0046536710098456485,0.008854137497992848,-0.0042004664881472,5.644501378910271,4.596446273837393,0.003646629808257806,2.5603519008113813
2025-10-07,-0.004599115338620446,-0.005760718291610497,0.0011616029529900509,5.61854166603966,4.5699674417112925,-0.003811414362608012,2.550593338803298
2025-10-08,0.012646729497736434,0.009636389947213254,0.00301033955052318,5.689597842661825,4.61400543002569,0.005827608238179849,2.565457197556755
2025-10-09,-0.000977703191932592,0.0001674784945129379,-0.0011451816864455299,5.684035104690242,4.614778176708786,-0.002755518440207827,2.5583880329413233
2025-10-10,-0.030099621647759044,-0.03094182579240428,0.0008422041446452359,5.512947798606485,4.471988514294473,-0.02711165816148509,2.489025891147784
2025-10-13,0.026337948420250553,0.022549826342641816,0.003788122077608737,5.658147533369717,4.572831078698102,0.01559860267286894,2.5278512170662815
2025-10-14,-0.009464455012853574,-0.008216698550514977,-0.0012477564623385971,5.604596250584051,4.535257504202013,-0.001564303231390674,2.52389689123895
2025-10-15,0.006118887604057366,0.009134681293204603,-0.0030157936891472377,5.638890145107497,4.576685636085513,0.004026001195007511,2.5340581031391536
2025-10-16,0.0016545462128240407,-0.0035768966575878106,0.005231442870411851,5.648219949441615,4.560315304530969,-0.006294352022017558,2.5181078493937497
2025-10-17,0.002666025237244461,0.0028697639761423293,-0.00020373873889786842,5.663278246372333,4.573402333111762,0.005270724249404557,2.5313801014981654
2025-10-20,0.010828542131126027,0.011571541360075177,-0.0007429992289491507,5.724603293463466,4.626323647365629,0.01067225289277784,2.5583956301090995
2025-10-21,-0.00480733662571351,-0.003948465373230308,-0.0008588712524832025,5.697083198383119,4.608056768638649,3.266455138950519e-05,2.558479198954634
2025-10-22,-0.008162068810457213,-0.006684425581876279,-0.0014776432285809344,5.650583213299016,4.5772545560916225,-0.005337510300132964,2.5448232898775376
2025-10-23,0.01156281232247659,0.0073749598025605705,0.004187852519916019,5.71591984650693,4.611011624448885,0.005827387527241212,2.559652961376003
2025-10-24,0.017181506721359072,0.011423535093915756,0.005757971627443317,5.814127961768438,4.66368567755923,0.007902422519158847,2.5798804205792125
2025-10-27,0.01860744711046028,0.01696259856627885,0.00164484854418143,5.922314040310493,4.7427939055469714,0.01229001912631467,2.6115872002917357
2025-10-28,0.007355395946299074,0.008343157955320432,-0.0009877620090213588,5.965875004995302,4.782363784250481,0.002287946753239289,2.6175623727474444
2025-10-29,0.014810250116680254,0.008371814827632083,0.006438435289048172,6.054231105984134,4.8224008482906,-4.353574066628951e-05,2.6174484152308066
2025-10-30,-0.015342443634433657,-0.013721084794090753,-0.0016213588403429045,5.9613444064907375,4.756232277340109,-0.009904812214919234,2.5915230801957074
2025-10-31,0.0033110102564703004,0.0032888406736426307,2.216958282766964e-05,5.981082478962981,4.771874767507117,0.002617870114945742,2.598307351019544
2025-11-03,0.00811024383307641,0.006616712837983225,0.0014935309950931848,6.029590516253112,4.80344889254253,0.001720709920762564,2.6027782842556335
2025-11-04,-0.023601247362323864,-0.01806089649627492,-0.005540350866048944,5.8872846589855,4.7166942992691725,-0.01173677059298273,2.572230072628928
2025-11-05,0.015508780652787305,0.0034216702034001807,0.012087110449387125,5.978589265402227,4.732833271611529,0.003653520981163894,2.5816277691676586
2025-11-06,-0.012358006178182342,-0.01468458613672691,0.002326579958544569,5.904705822323571,4.663333573763782,-0.01117815749475082,2.5527699273710804
2025-11-07,-0.0017361734079225687,-0.004252115230420466,0.002515941822497897,5.894454229093247,4.64350454205025,0.001261844674063317,2.555991126508043
2025-11-10,0.026377123301589957,0.023394162515179735,0.0029829607864102214,6.049932975089618,4.752135441946948,0.01540096302461058,2.595355851338626
2025-11-11,-0.005939520697496049,-0.0008248610010131691,-0.00511465969648288,6.013999272965609,4.7482155907493535,0.002075396308487409,2.6007422432917053
2025-11-12,0.0007262853386690619,-0.0017227345502147814,0.0024490198888838435,6.018367152464331,4.740035675699302,0.0006295086181336007,2.6023794329474015
2025-11-13,-0.028695145114335758,-0.021401710847984118,-0.00729343426635164,5.845669233673015,4.638590802758856,-0.01655690038710134,2.5592920959066503
2025-11-14,0.005271859044440644,0.0005618296098028068,0.004710029434637837,5.876486777893363,4.6411969004196045,-0.0005016705034071034,2.558008174552531
2025-11-17,-0.0032983953855358645,-0.005308914638271079,0.0020105192527352144,5.857103801021997,4.616557182255868,-0.009162309495983845,2.5345709119640243
2025-11-18,-0.014670021796491644,-0.013952111035160355,-0.0007179107613312884,5.771179960596689,4.552146463848867,-0.008256387122493991,2.5136445133254366
2025-11-19,0.013179434144983111,0.008231657412578978,0.004947776732404133,5.84724084682622,4.589618174031154,0.003753785520422159,2.5230801957030464
2025-11-20,-0.029249700937565574,-0.01685385798784683,-0.012395842949718745,5.676210800746635,4.512265401107592,-0.01556722511953934,2.4838028383018855
2025-11-21,0.008485724746828587,0.003202289401924765,0.005283435344903822,5.7243775632067475,4.5267149807802305,0.00982296337531885,2.508201142614038
2025-11-24,0.03228912969499394,0.024257949846295524,0.008031179848698413,5.9092127327682435,4.636523805752472,0.01546723529794836,2.546996079861432
2025-11-25,0.0047163050751763014,0.006880116727646641,-0.0021638116524703398,5.937082382770096,4.668423630746561,0.009061731930226413,2.570076275564474
2025-11-26,0.012660412300384042,0.008475201391798077,0.004185210908585965,6.012248293597311,4.707989461199368,0.006906714278112958,2.5878270580727545
2025-11-27,0.00027288107225887547,0.00027379692541752807,-9.158531586525988e-07,6.013888922358356,4.709278494238743,,
2025-11-28,0.008314806643353826,0.004923955832946068,0.003390850810407758,6.063893245922372,4.732466773549417,0.005354775922884247,2.6016842920959107
2025-12-01,-0.01096849665168027,-0.0044886402225657596,-0.00647985642911451,5.997381453158326,4.711224432837707,-0.00532333492478565,2.5878346552405302
2025-12-02,0.004456455042182974,0.005259541035822397,-0.0008030859936394227,6.024108513975149,4.736003311071186,0.002457200816718297,2.594193484668919
2025-12-03,0.0006754944990386159,0.0010618120156920322,-0.0003863175166534163,6.028177766137951,4.741032056293238,0.002979777051177468,2.6019236028808495
2025-12-04,0.00834553417247988,0.0008077087607053972,0.007537825411774482,6.078486129683038,4.744861429419892,0.001080336130527826,2.604734554957915
2025-12-05,0.004601759722524116,0.004122102321164889,0.00047965740135922676,6.106457862328535,4.764420233731709,0.00193667312224366,2.609779074361081
2025-12-08,-0.0009253648446654711,-0.000945431254209994,2.0066409544522977e-05,6.100807160897305,4.759915801934548,-0.003477235677689761,2.6007042574528243
2025-12-09,0.002223014423401275,0.00034365613712381547,0.0018793582862774597,6.114369343210369,4.761551576212075,-0.0008763589040255981,2.598425107120068
2025-12-10,0.006880306578928382,0.005074812842930018,0.0018054937359983638,6.156438078828458,4.78571555930331,0.006749496748049477,2.6159631689306253
2025-12-11,0.0005023356895151645,-0.003515050713285445,0.004017386402800609,6.159530677395743,4.768893526413,0.002079376419406698,2.621402741058136
2025-12-12,-0.023477286972494116,-0.01521317197720477,-0.008264114995289347,6.0149216080666426,4.6963435290547,-0.01066367193160411,2.5934489622268844
2025-12-15,-0.003065360711860451,-0.004292722554853701,0.00122736184299325,5.996483703684355,4.676183429262186,-0.001596505849216556,2.5893085057890444
2025-12-16,-0.004701885793564465,-4.539054841928843e-05,-0.004656495245145177,5.968288922146661,4.675971174731822,-0.002383917869995034,2.5831358069711636
2025-12-17,-0.01769095347933639,-0.01719209341512385,-0.0004988600642125383,5.8627042004737255,4.595581441489407,-0.0115922038275007,2.5531915701826384
2025-12-18,0.01306617720226128,0.012459296521313048,0.0006068806809482324,5.939307332441557,4.652839153356767,0.007934323499612317,2.5734494180569505
2025-12-19,0.01830704501562124,0.01240807429052794,0.005898970725093301,6.048038499138174,4.710571927233494,0.008818024549947179,2.596142158203424
2025-12-22,0.009010196941067706,0.0062828075112926745,0.0027273894297750317,6.102532517122569,4.740167543920401,0.006436462067451965,2.6128521287264133
2025-12-23,0.007155037642238278,0.007963976975280925,-0.0008089393330426471,6.1461963669955635,4.777918129099156,0.004550417315428268,2.6247416962956236
2025-12-24,0.0043922421508816745,0.0031243334500558415,0.001267908700825833,6.173191949746277,4.792845938531529,0.003221516138695923,2.633197344030148
2025-12-25,-7.834330958779533e-05,0.0,-7.834330958779533e-05,6.172708321458214,4.792845938531529,,
2025-12-26,0.0011995435457606155,0.0010827521941399203,0.00011679135162069522,6.180112753885082,4.798035402987648,-0.0003043832632483312,2.632395842829795
2025-12-29,-0.004567530594272339,-0.0037879643219678035,-0.0007795662723045355,6.151884899805659,4.7798606160655925,-0.003492093726641166,2.623203269821013
2025-12-30,-0.00012899520977888618,-0.0008101481056188285,0.0006811528958399423,6.151091336122473,4.775988221042365,-0.001375667198591279,2.6195946151274825
2025-12-31,-0.006332186227583843,-0.0057530539514097975,-0.0005791322761740459,6.112141480279268,4.74851170313541,-0.007357632564991889,2.600320600480143
2026-01-01,0.0,0.0,0.0,6.112141480279268,4.74851170313541,,
2026-01-02,0.007438193537391217,0.003673134416131761,0.0037650591212594555,6.157604771537502,4.765953624897602,0.0018946753341611,2.6052473637827838
2026-01-05,0.0035624460552366277,0.0053228580133285,-0.0017604119580918727,6.179540906365572,4.791322119341039,0.006354186866750045,2.6218015923663676
2026-01-06,0.010588153045036148,0.003824956594043243,0.006763196450992905,6.2449708312302326,4.809648718475597,0.006196709673212952,2.6380481356550294
2026-01-07,-0.0002530900194434841,0.0005685490713605011,-0.0008216390908039852,6.243390291441132,4.812383239788057,-0.003439973966207877,2.6289733187467728
2026-01-08,-0.0033108614264098224,-0.003529673172693285,0.00021881174628346272,6.222719291355179,4.795397099769858,7.65793036485718e-05,2.629174643692833
2026-01-09,0.009455437699282957,0.007473326716022529,0.0019821109832604275,6.281557825934715,4.831234669029505,0.006475512391894256,2.64619989667852
2026-01-12,0.002742372097507626,0.0038439245457162897,-0.0011015524482086638,6.298784194845439,4.849805570559902,0.001577599522270212,2.6503745403713515
2026-01-13,0.0004986532254880314,-0.0019136185762941842,0.002412271801782216,6.301925103900851,4.840524892528665,-0.001939153852438036,2.6452350563709865
2026-01-14,-0.011933574887530392,-0.010482328906394276,-0.0014512459811361154,6.226720608737843,4.789784918525591,-0.005333340992053071,2.6311271158112275
2026-01-15,0.004939744492198875,0.003988648787498798,0.0009510957047000768,6.257479017569316,4.808889688333247,0.002579909335027164,2.637915185218952
2026-01-16,0.002006479487978566,0.0012730208114343923,0.0007334586765441735,6.270034520864525,4.815011504986388,-0.000642237636565457,2.636221016804937
2026-01-19,-0.0001354038488410849,-0.0001445766982662605,9.172849425175596e-06,6.269185534058034,4.814315366520883,,
2026-01-20,-0.01641982085333172,-0.0252816875512864,0.00886186669795468,6.166246630692502,4.692601349651145,-0.0206267714311652,2.5818442884492674
2026-01-21,0.008939208672396063,0.010199171756532696,-0.0012599630841366328,6.221367996049722,4.740461996801174,0.01158770373378304,2.6117619351505774
2026-01-22,0.008293040593065773,0.009351209348178114,-0.0010581687551123407,6.272962053385362,4.784791049340344,0.005487505126810399,2.6260939921597246
2026-01-23,0.0023791250887432243,0.0037778293307611783,-0.001398704242017954,6.287886214787306,4.802867173308105,0.0003269037442048539,2.6269524721183957
2026-01-26,0.003145005942538685,0.004619127190987934,-0.0014741212484492487,6.307661654298818,4.825052227663035,0.005006065986948416,2.6401031695383974
2026-01-27,0.00423416359601059,0.008803295066111987,-0.004569131470101397,6.334369325651402,4.867528586132553,0.004081879304713709,2.650879752028445
2026-01-28,0.007352868870737777,0.0034554200848007028,0.0038974487859370745,6.380945112681741,4.884347942172417,-8.16782735792998e-05,2.650663232746833
2026-01-29,-0.004290341553283003,-0.0029440715068444322,-0.001346270046438571,6.353568678715584,4.869968072566354,-0.001292628435246024,2.6472369100799233
2026-01-30,-0.005666629503555307,-0.005463881139338171,-0.00020274836421713648,6.31756535898791,4.843359145865479,-0.004301902278802894,2.635848755583919
2026-02-02,0.005651987018779094,0.005508511158255699,0.00014347586052339528,6.353272156387197,4.870038843763919,0.005391243444688998,2.650059257908653
2026-02-03,-0.007638945697785962,-0.00827611621388605,0.0006371705161000874,6.3047398553813,4.82973383632679,-0.008403999747722213,2.6277881605737394
2026-02-04,-0.012303175767542508,-0.012293330312295394,-9.845455247113957e-06,6.227171532771913,4.770360322956355,-0.005072414535814085,2.614458929711005
2026-02-05,-0.012993725838790509,-0.015141743610137676,0.002148017771347167,6.146257373123953,4.698128750018177,-0.01225097054652824,2.582429270368008
2026-02-06,0.02351354723874837,0.02068163454622266,0.0028319126925257093,6.2907776862084095,4.7952937318771545,0.01969581077900684,2.633292308627345
2026-02-09,0.015332753718026088,0.009691556865298897,0.00564119685272719,6.387232631165897,4.841767593765453,0.004691083767292215,2.6456453034308822
2026-02-10,-0.007315752825923447,-0.004722344360601789,-0.002593408465321658,6.340505215994615,4.8189030998736895,-0.003303746543341979,2.6369047619047636
2026-02-11,0.0029455409547264498,0.001352777917604103,0.0015927630371223467,6.359181433781985,4.825422005574272,-4.897858051433612e-05,2.636775610052574
2026-02-12,-0.009711755618502486,-0.014622238740294408,0.004910483121791922,6.2974226177633765,4.754863532986095,-0.01566094789720329,2.595481204606924
2026-02-13,-0.005081990267854758,-0.005067547072007145,-1.4443195847612701e-05,6.265419177307335,4.730768038211718,0.0004990662631205733,2.596776521712707
2026-02-16,0.0,0.0,0.0,6.265419177307335,4.730768038211718,,
2026-02-17,0.0038981918808772974,0.0012202013821108898,0.0026779904987664074,6.289842983474608,4.73654052791039,0.001031279210434999,2.599454523353695
2026-02-18,0.005179846427973526,0.00482465514676984,0.0003551912812036857,6.322423404185073,4.759392702546257,0.005566093154976803,2.613923329382808
2026-02-19,0.004510659139384042,-0.001558646199524332,0.006069305338908374,6.3509417010962155,4.751974493198389,-0.002822137064018349,2.6065464794724544
2026-02-20,0.010012718562643335,0.010392626333579397,-0.000379907770936062,6.414531892957047,4.801359988452901,0.00693977898217546,2.6246353359467607
2026-02-23,-0.005273654488269153,-0.007578927203255942,0.0023052727149867882,6.380703868049609,4.76497083062379,-0.0103856858156367,2.5973766979669994
2026-02-24,0.010589537754698041,0.0112239520386031,-0.000634414283905059,6.448272572561868,4.818452634692054,0.007651639793791798,2.6172508888686314
2026-02-25,0.0138303516601577,0.01202832086495314,0.0018020307952045598,6.537454449840949,4.876410529054709,0.008136346945676998,2.638545750144348
2026-02-26,-0.010893958182348758,-0.011260061033407735,0.00036610285105897686,6.466235694445372,4.821501848873601,-0.005365577666988752,2.6243884279940457
2026-02-27,-0.003836126785433462,-0.007716913436876214,0.003880786651442752,6.441430394496984,4.784294736470105,-0.00433935555214604,2.613000273498042
2026-03-02,0.008385674240188252,0.0024037722739999995,0.005981901966188252,6.495446131426083,4.7957950915082765,0.0003983206568511921,2.614041085483334
2026-03-03,-0.02021561495176216,-0.015077723151407747,-0.0051378918003544116,6.3641366934932595,4.723485420827634,-0.009443997198334109,2.589354088795699
2026-03-04,0.007864134155452434,0.009024983864293228,-0.0011608497088407936,6.414185118234528,4.7661148005338285,0.007756031939536001,2.6094372018111667
2026-03-05,-0.003502797639936672,-0.0025487413625643507,-0.0009540562773723213,6.391717525740259,4.753967206602978,-0.005646699177523806,2.5947024949098996
2026-03-06,-0.022128691968720686,-0.017118504403124235,-0.005010187565596451,6.250277177462079,4.672586398044436,-0.01327680431463196,2.5602531376302937
2026-03-09,0.015050812052590167,0.01053665798280017,0.004514154069789996,6.344348924536654,4.721819842815715,0.008304129661336201,2.5815138116510186
2026-03-10,0.005153359956749032,0.004748819640885701,0.00040454031586333126,6.377043638236006,4.744242913626002,-0.002135082600180471,2.576002066429637
2026-03-11,0.004396019056252728,0.002706325868084762,0.0016896931881679664,6.405077243592246,4.757082380947627,-0.0008375752785526602,2.5738444707812946
2026-03-12,-0.01920635719944218,-0.016743369051533896,-0.002462988147908282,6.282059042161795,4.677432795034871,-0.01522772218778601,2.534650682225668
2026-03-13,-0.008332696577068035,-0.009683420792577,0.001350724215508966,6.229712550284234,4.632139245051549,-0.006059089233314663,2.5192930075667808
2026-03-16,0.012195270956630885,0.012757240239659453,-0.0005619692830285683,6.305685582816874,4.691232558224226,0.01013089190749961,2.5448156927097596
2026-03-17,0.00402030879499538,0.002185433034530263,0.0018348757604651168,6.331036386023949,4.701484932829634,0.002494260662927017,2.551163126386485
2026-03-18,-0.007481987388714468,-0.010844383945853664,0.003362396557139196,6.283667651626225,4.650500225102383,-0.01360761990979875,2.516447868234724
2026-03-19,0.0010562447073762607,-0.005254199382541735,0.006310444089917995,6.2903047423261675,4.62606556969114,-0.002748803719413662,2.50953064697481
2026-03-20,-0.021858071920298792,-0.017167936349808895,-0.004690135570489896,6.152810808867806,4.54664557044064,-0.01513814446097705,2.471541009511656
2026-03-23,0.009267188105199213,0.010896404560969792,-0.0016292164557705786,6.209830064009286,4.596187659971503,0.01145319742779516,2.499848056644485
2026-03-24,-0.0021875312077142862,-0.0044842916384625325,0.0022967604307482462,6.196245866949663,4.575577014079088,-0.003742592311198889,2.490492144528522
2026-03-25,0.0054430474308180595,0.007398262077872044,-0.0019552146470539844,6.229972327096481,4.609428331986733,0.005419157247074091,2.503988513082325
2026-03-26,-0.02986542765608091,-0.02674413299420745,-0.003121294661873459,6.0439115392621945,4.486153167648812,-0.01740621065246739,2.4604035615522557
2026-03-27,-0.018038790320832766,-0.018790453470804262,0.0007516631499714967,5.934886686287782,4.401856315289206,-0.01672183487824908,2.419261099462123
2026-03-30,-0.007937869977735289,-0.006937899272745249,-0.0009999707049900396,5.887776327439437,4.371316679560632,-0.003945767289228019,2.409715258151764
2026-03-31,0.03569077552234053,0.035158100151217384,0.0005326753711231494,6.097915630667829,4.525003869173312,0.02913117224593775,2.479913088400647
2026-04-01,0.015385172369860499,0.013782078009321866,0.001603094360538633,6.1917331137425204,4.587367825490742,0.007168546623124161,2.497690460996143
2026-04-02,0.00244370531131659,-0.002430256132164322,0.004873961443480912,6.206863884838828,4.5762193467023495,0.001120857996264712,2.5004900173215447
2026-04-03,0.0020104696936231303,0.001691239967501982,0.0003192297261211483,6.219342596571741,4.5839588317615485,,
2026-04-06,0.0037347396181579453,0.005997238464224627,-0.0022624988460666815,6.242570221766054,4.611449925985811,0.004426761703802073,2.5115590907709633
2026-04-07,0.007432577336167322,0.0021958227073713885,0.0052367546287959334,6.288968607715786,4.621575852447196,0.0007592451711553316,2.5134659798827026
2026-04-08,0.03396709944621642,0.031729837852138995,0.0022372615940774235,6.502586629828201,4.768217704866706,0.02508142091780829,2.576507278086732
2026-04-09,0.0068686586760143605,0.007598243409050899,-0.0007295847330365387,6.547250677899705,4.80444778361563,0.006170009184983671,2.5924043516577044
2026-04-10,0.004758552444652787,0.004765262107980524,-6.709663327737064e-06,6.5784061136187795,4.827342236588665,-0.001138518255854426,2.5894528519767857
2026-04-13,0.007855403125866703,0.00792480416686061,-6.940104099390637e-05,6.630082145566921,4.865597978460046,0.0101732608271512,2.615796031239556
2026-04-14,0.0213273291837775,0.019841040456756536,0.001486288727020963,6.771484090000913,4.962136504796985,0.01178291781872254,2.646617740906192
2026-04-15,0.009308813831176446,0.012735479203643622,-0.0034266653724671758,6.834518574755505,5.025331691059468,0.007975738369372598,2.6677264715713997
2026-04-16,0.004558767102900164,0.0021070707010633627,0.0024516964018368014,6.86567555319826,5.035920420228824,0.002610014310225672,2.674689275837969
2026-04-17,0.01226281009952427,0.012274206932878845,-1.1396833354574906e-05,6.949868028712077,5.0977323495642235,0.01204042446827858,2.7068936700398107
2026-04-18,0.0,0.0,0.0,6.949868028712077,5.0977323495642235,,
2026-04-19,0.0,0.0,0.0,6.949868028712077,5.0977323495642235,,
2026-04-20,-0.0040457034192338485,-0.005156788766530164,0.0011110853472963153,6.921750923865092,5.071444420649214,-0.002374383600474927,2.700466466101439
2026-04-21,-0.0033965294822133566,-0.0031402001542901,-0.0002563293279232567,6.898240992783647,5.055519070097017,-0.006348165882230528,2.6833234570152262
2026-04-22,0.02061851479498912,0.017995449843237997,0.0026230649517511237,7.040472476752757,5.146495409954482,0.01046006446763226,2.711391193363115
2026-04-23,0.0023115751424683784,0.001200834028377795,0.0011107411140905835,7.056747057921251,5.152675496769645,,
