metric,value
Observed_SR,0.26557159392763047
Deflated_SR,8.208296140014449
DSR_p_value,1.1102230246251565e-16
N_trials,398
MinTRL_years,38.15680457301484
Available_years,7.619047619047619
Grid_Haircut,0.07875296506555939
Adjusted_SR,0.18681862886207107
Late_Entrants,0
Sub_Period_1_IR,0.17
Sub_Period_2_IR,-0.534
Sub_Period_3_IR,0.963
Verdict,FAIL
