metric,value
Observed_SR,0.17426661396845866
Deflated_SR,5.143494724687029
DSR_p_value,1.348371151399519e-07
N_trials,396
MinTRL_years,88.63082346548784
Available_years,9.619047619047619
Grid_Haircut,0.07006808286529048
Adjusted_SR,0.10419853110316818
Late_Entrants,0
Sub_Period_1_IR,0.238
Sub_Period_2_IR,0.374
Sub_Period_3_IR,-0.121
Verdict,FAIL
